Date/time,Lat,Lon
4/1/2014 8:01:00,40.7514,-73.9699
4/1/2014 8:02:00,40.7343,-73.9936
4/1/2014 8:05:00,40.734,-74.0094
4/1/2014 8:05:00,40.718,-74.0099
4/1/2014 8:07:00,40.7287,-73.9805
4/1/2014 8:08:00,40.758,-73.9707
4/1/2014 8:08:00,40.692,-74.1813
4/1/2014 8:08:00,40.778,-73.9487
4/1/2014 8:08:00,40.7658,-73.9692
4/1/2014 8:08:00,40.7222,-74.0104
4/1/2014 8:10:00,40.7329,-73.9881
4/1/2014 8:11:00,40.7659,-73.9766
4/1/2014 8:16:00,40.7789,-73.9618
4/1/2014 8:18:00,40.789,-73.9743
4/1/2014 8:19:00,40.7617,-73.9843
4/1/2014 8:19:00,40.7214,-73.9475
4/1/2014 8:20:00,40.7595,-73.9913
4/1/2014 8:21:00,40.7931,-73.9748
4/1/2014 8:21:00,40.7371,-74.0004
4/1/2014 8:22:00,40.7345,-73.996
4/1/2014 8:24:00,40.7747,-73.9912
4/1/2014 8:24:00,40.8822,-73.9211
4/1/2014 8:25:00,40.762,-73.9787
4/1/2014 8:25:00,40.762,-73.9787
4/1/2014 8:27:00,40.7326,-74.0038
4/1/2014 8:28:00,40.7555,-73.9737
4/1/2014 8:28:00,40.7596,-73.9854
4/1/2014 8:29:00,40.6904,-74.1778
4/1/2014 8:29:00,40.6904,-74.1778
4/1/2014 8:30:00,40.7408,-73.9914
4/1/2014 8:32:00,40.6819,-73.9358
4/1/2014 8:32:00,40.7624,-73.9714
4/1/2014 8:36:00,40.7805,-73.9548
4/1/2014 8:39:00,40.7889,-73.9542
4/1/2014 8:42:00,40.7835,-73.9513
4/1/2014 8:43:00,40.7651,-73.9617
4/1/2014 8:43:00,40.7261,-73.9918
4/1/2014 8:44:00,40.7303,-73.9937
4/1/2014 8:44:00,40.8736,-74.0628
4/1/2014 8:45:00,40.724,-73.9981
4/1/2014 8:46:00,40.7744,-73.9578
4/1/2014 8:49:00,40.7607,-73.9861
4/1/2014 8:49:00,40.7749,-73.9841
4/1/2014 8:51:00,40.7625,-73.9724
4/1/2014 8:52:00,40.7377,-73.9965
4/1/2014 8:54:00,40.7388,-74.0087
4/1/2014 8:56:00,40.7677,-73.981
4/1/2014 8:58:00,40.7691,-73.9652
4/1/2014 8:58:00,40.7816,-73.9602
4/1/2014 8:58:00,40.7739,-73.8717
4/1/2014 9:00:00,40.7841,-73.9542
4/1/2014 9:02:00,40.7426,-73.9963
4/1/2014 9:05:00,40.771,-73.8669
4/1/2014 9:06:00,40.775,-73.9888
4/1/2014 9:07:00,40.7356,-74.0029
4/1/2014 9:08:00,40.7666,-73.9784
4/1/2014 9:10:00,40.7118,-73.9499
4/1/2014 9:12:00,40.7097,-74.0153
4/1/2014 9:15:00,40.7438,-74.0061
4/1/2014 9:16:00,40.76,-73.9861
4/1/2014 9:16:00,40.7752,-73.9635
4/1/2014 9:23:00,40.7788,-73.956
4/1/2014 9:24:00,40.8078,-73.9639
4/1/2014 9:24:00,40.7631,-73.9784
4/1/2014 9:25:00,40.7788,-73.951
4/1/2014 9:25:00,40.7714,-73.9594
4/1/2014 9:28:00,40.7694,-73.983
4/1/2014 9:30:00,40.733,-73.9901
4/1/2014 9:32:00,40.7412,-73.9878
4/1/2014 9:35:00,40.7526,-73.975
4/1/2014 9:38:00,40.7602,-73.9598
4/1/2014 9:42:00,40.773,-73.9669
4/1/2014 9:46:00,40.7628,-73.9948
4/1/2014 9:46:00,40.7752,-73.9636
4/1/2014 9:48:00,40.7283,-74.0071
4/1/2014 9:49:00,40.7195,-74.0367
4/1/2014 9:49:00,40.7195,-74.0367
4/1/2014 9:52:00,40.7747,-73.9911
4/1/2014 9:52:00,40.7401,-73.992
4/1/2014 9:54:00,40.7686,-73.9698
4/1/2014 9:54:00,40.7336,-73.9982
4/1/2014 9:55:00,40.7795,-73.9837
4/1/2014 9:58:00,40.7148,-74.0162
4/1/2014 9:58:00,40.7438,-73.9759
4/1/2014 9:58:00,40.745,-73.9888
4/1/2014 10:01:00,40.7768,-73.9773
4/1/2014 10:01:00,40.7594,-73.966
4/1/2014 10:04:00,40.7741,-73.8726
4/1/2014 10:05:00,40.7367,-73.9907
4/1/2014 10:06:00,40.7368,-73.9847
4/1/2014 10:07:00,40.8079,-73.9638
4/1/2014 10:15:00,40.6678,-73.7956
4/1/2014 10:15:00,40.721,-74.0033
4/1/2014 10:15:00,40.7764,-73.9598
4/1/2014 10:18:00,40.7746,-73.9581
4/1/2014 10:18:00,40.7745,-73.9638
4/1/2014 10:22:00,40.7224,-73.9935
4/1/2014 10:22:00,40.7736,-73.9626
4/1/2014 10:23:00,40.7348,-73.9929
4/1/2014 10:27:00,40.7605,-73.9991
4/1/2014 10:27:00,40.6948,-74.1779
4/1/2014 10:29:00,40.7573,-73.9877
4/1/2014 10:32:00,40.6949,-74.1781
4/1/2014 10:32:00,40.6949,-74.1781
4/1/2014 10:32:00,40.7771,-73.9754
4/1/2014 10:33:00,40.7584,-73.989
4/1/2014 10:33:00,40.755,-73.9878
4/1/2014 10:34:00,40.7226,-74.0004
4/1/2014 10:34:00,40.774,-73.9607
4/1/2014 10:34:00,40.7718,-73.9654
4/1/2014 10:34:00,40.7748,-73.991
4/1/2014 10:36:00,40.775,-73.9595
4/1/2014 10:37:00,40.7636,-73.9636
4/1/2014 10:37:00,40.7743,-73.9847
4/1/2014 10:41:00,40.7688,-73.8627
4/1/2014 10:43:00,40.7254,-74.0071
4/1/2014 10:44:00,40.7534,-73.9748
4/1/2014 10:44:00,40.7773,-73.9595
4/1/2014 10:46:00,40.7233,-74.0062
4/1/2014 10:46:00,40.763,-73.9781
4/1/2014 10:48:00,40.7822,-73.9599
4/1/2014 10:53:00,40.6916,-73.9677
4/1/2014 10:54:00,40.7577,-73.9694
4/1/2014 10:55:00,40.7668,-73.9789
4/1/2014 10:58:00,40.7741,-73.9629
4/1/2014 10:59:00,40.7271,-74.0058
4/1/2014 10:59:00,40.7072,-74.0049
4/1/2014 11:01:00,40.7412,-73.9964
4/1/2014 11:01:00,40.7883,-74.0456
4/1/2014 11:01:00,40.7883,-74.0456
4/1/2014 11:02:00,40.7568,-73.9721
4/1/2014 11:02:00,40.7624,-73.9728
4/1/2014 11:02:00,40.7457,-73.9916
4/1/2014 11:03:00,40.7863,-73.9774
4/1/2014 11:04:00,40.7593,-73.9721
4/1/2014 11:05:00,40.7398,-73.9912
4/1/2014 11:06:00,40.8275,-74.0468
4/1/2014 11:06:00,40.8275,-74.0468
4/1/2014 11:06:00,40.7686,-73.9658
4/1/2014 11:09:00,40.7566,-73.9765
4/1/2014 11:11:00,40.7103,-73.9846
4/1/2014 11:12:00,40.7414,-73.9902
4/1/2014 11:13:00,40.7439,-73.9899
4/1/2014 11:14:00,40.7619,-73.973
4/1/2014 11:15:00,40.7201,-74.0041
4/1/2014 11:16:00,40.7329,-73.9913
4/1/2014 11:16:00,40.7582,-73.9815
4/1/2014 11:17:00,40.7747,-73.9584
4/1/2014 11:17:00,40.7775,-73.9612
4/1/2014 11:17:00,40.773,-73.9802
4/1/2014 11:18:00,40.7392,-73.9991
4/1/2014 11:20:00,40.7368,-73.9958
4/1/2014 11:21:00,40.8052,-73.9662
4/1/2014 11:22:00,40.7205,-74.0031
4/1/2014 11:22:00,40.7633,-73.9829
4/1/2014 11:24:00,40.6922,-73.9441
4/1/2014 11:25:00,40.7476,-73.9969
4/1/2014 11:28:00,40.7707,-73.9815
4/1/2014 11:33:00,40.7257,-73.9972
4/1/2014 11:33:00,40.7611,-73.9754
4/1/2014 11:34:00,40.7035,-74.0107
4/1/2014 11:34:00,40.7591,-73.996
4/1/2014 11:35:00,40.7419,-74.0036
4/1/2014 11:37:00,40.755,-73.9746
4/1/2014 11:39:00,40.7472,-73.9863
4/1/2014 11:40:00,40.7548,-73.9847
4/1/2014 11:41:00,40.7797,-73.9762
4/1/2014 11:41:00,40.7323,-74.0076
4/1/2014 11:42:00,40.7741,-73.8726
4/1/2014 11:43:00,40.7074,-74.0172
4/1/2014 11:44:00,40.6334,-73.9954
4/1/2014 11:45:00,40.71,-74.0114
4/1/2014 11:45:00,40.7386,-73.9897
4/1/2014 11:47:00,40.7095,-74.0156
4/1/2014 11:47:00,40.7024,-74.0133
4/1/2014 11:47:00,40.7581,-73.9619
4/1/2014 11:48:00,40.7685,-73.8625
4/1/2014 11:50:00,40.7389,-73.9874
4/1/2014 11:53:00,40.7736,-73.8716
4/1/2014 11:54:00,40.7154,-74.0163
4/1/2014 11:59:00,40.7599,-73.9804
4/1/2014 11:59:00,40.7559,-73.9874
4/1/2014 12:02:00,40.7852,-74.022
4/1/2014 12:02:00,40.7852,-74.022
4/1/2014 12:04:00,40.6878,-74.1817
4/1/2014 12:07:00,40.6864,-73.9747
4/1/2014 12:10:00,40.8289,-73.9451
4/1/2014 12:10:00,40.8289,-73.9451
4/1/2014 12:13:00,40.7672,-73.9682
4/1/2014 12:14:00,40.7498,-73.9816
4/1/2014 12:15:00,40.6751,-73.8016
4/1/2014 12:16:00,40.7544,-73.9692
4/1/2014 12:17:00,40.7685,-73.9535
4/1/2014 12:19:00,40.7684,-73.9599
4/1/2014 12:19:00,40.7728,-73.9673
4/1/2014 12:19:00,40.7702,-73.9577
4/1/2014 12:20:00,40.7647,-73.9796
4/1/2014 12:20:00,40.7868,-73.972
4/1/2014 12:20:00,40.7178,-74.0035
4/1/2014 12:24:00,40.7732,-73.8857
4/1/2014 12:26:00,40.7257,-73.9919
4/1/2014 12:26:00,40.695,-74.178
4/1/2014 12:27:00,40.7644,-73.9796
4/1/2014 12:29:00,40.7641,-73.9766
4/1/2014 12:29:00,40.723,-74.0012
4/1/2014 12:29:00,40.7326,-73.9935
4/1/2014 12:30:00,40.7569,-73.9742
4/1/2014 12:31:00,40.7622,-73.9788
4/1/2014 12:31:00,40.7785,-73.9533
4/1/2014 12:32:00,40.7447,-73.9873
4/1/2014 12:32:00,40.7191,-73.9973
4/1/2014 12:33:00,40.7031,-73.9853
4/1/2014 12:42:00,40.9148,-74.2213
4/1/2014 12:44:00,40.7649,-73.9708
4/1/2014 12:44:00,40.7521,-73.9756
4/1/2014 12:47:00,40.7374,-74.0008
4/1/2014 12:50:00,40.7749,-73.9639
4/1/2014 12:50:00,40.7763,-73.9621
4/1/2014 12:51:00,40.749,-74.0029
4/1/2014 12:51:00,40.7276,-74.0349
4/1/2014 12:51:00,40.7276,-74.0349
4/1/2014 12:51:00,40.7631,-73.9842
4/1/2014 12:52:00,40.7601,-73.9669
4/1/2014 12:53:00,40.8791,-73.8811
4/1/2014 12:54:00,40.771,-73.866
4/1/2014 12:57:00,40.7364,-74.0099
4/1/2014 12:57:00,40.7657,-73.9549
4/1/2014 12:57:00,40.75,-73.9757
4/1/2014 12:58:00,40.7397,-73.9857
4/1/2014 12:58:00,40.779,-74.42
4/1/2014 12:59:00,40.7273,-74.0007
4/1/2014 13:01:00,40.7684,-73.8624
4/1/2014 13:01:00,40.7393,-73.9954
4/1/2014 13:01:00,40.7382,-74.0078
4/1/2014 13:03:00,40.7187,-74.0024
4/1/2014 13:07:00,40.7618,-73.9752
4/1/2014 13:07:00,40.7851,-73.9538
4/1/2014 13:07:00,40.7851,-73.9538
4/1/2014 13:08:00,40.742,-73.985
4/1/2014 13:08:00,40.7458,-73.987
4/1/2014 13:09:00,40.7699,-73.9589
4/1/2014 13:09:00,40.76,-73.9839
4/1/2014 13:10:00,40.9155,-74.0761
4/1/2014 13:15:00,40.7516,-73.9739
4/1/2014 13:16:00,40.774,-73.8733
4/1/2014 13:17:00,40.7565,-73.9843
4/1/2014 13:17:00,40.7195,-74.0123
4/1/2014 13:18:00,40.7529,-73.9855
4/1/2014 13:20:00,40.7501,-73.9761
4/1/2014 13:22:00,40.7197,-73.9917
4/1/2014 13:22:00,40.7619,-73.9729
4/1/2014 13:23:00,40.783,-73.951
4/1/2014 13:24:00,40.7319,-73.9877
4/1/2014 13:26:00,40.7538,-73.9926
4/1/2014 13:26:00,40.7189,-74.0065
4/1/2014 13:27:00,40.7455,-73.988
4/1/2014 13:30:00,40.753,-74.0248
4/1/2014 13:30:00,40.753,-74.0248
4/1/2014 13:33:00,40.7646,-73.9686
4/1/2014 13:34:00,40.7692,-73.9829
4/1/2014 13:34:00,40.7275,-74.0088
4/1/2014 13:35:00,40.7494,-73.9923
4/1/2014 13:35:00,40.6957,-73.9872
4/1/2014 13:39:00,40.695,-74.1784
4/1/2014 13:40:00,40.7739,-73.8728
4/1/2014 13:40:00,40.7757,-73.4202
4/1/2014 13:40:00,40.7651,-73.9531
4/1/2014 13:41:00,40.7663,-73.9251
4/1/2014 13:42:00,40.7177,-73.9966
4/1/2014 13:44:00,40.78,-73.961
4/1/2014 13:45:00,40.7741,-73.8727
4/1/2014 13:47:00,40.7385,-73.9854
4/1/2014 13:49:00,40.7685,-73.8624
4/1/2014 13:49:00,40.6926,-73.9873
4/1/2014 13:51:00,40.7346,-73.9963
4/1/2014 13:51:00,40.776,-73.9441
4/1/2014 13:53:00,40.7211,-74.0005
4/1/2014 13:55:00,40.7026,-74.0126
4/1/2014 13:56:00,40.768,-73.9523
4/1/2014 13:56:00,40.7485,-74.0061
4/1/2014 13:56:00,40.7568,-73.9717
4/1/2014 13:57:00,40.7617,-73.9838
4/1/2014 13:57:00,40.774,-73.8728
4/1/2014 13:59:00,40.6919,-73.9966
4/1/2014 14:00:00,40.7754,-73.9905
4/1/2014 14:01:00,40.7515,-73.993
4/1/2014 14:02:00,40.7719,-73.9655
4/1/2014 14:03:00,40.7739,-73.8724
4/1/2014 14:03:00,40.6946,-74.1775
4/1/2014 14:04:00,40.7331,-73.9998
4/1/2014 14:05:00,40.7732,-73.8856
4/1/2014 14:06:00,40.7417,-73.9894
4/1/2014 14:08:00,40.7325,-74.0018
4/1/2014 14:11:00,40.764,-73.9685
4/1/2014 14:14:00,40.7577,-73.9723
4/1/2014 14:15:00,40.6953,-74.1783
4/1/2014 14:15:00,40.7572,-73.9841
4/1/2014 14:16:00,40.8056,-74.3923
4/1/2014 14:16:00,40.7595,-73.9736
4/1/2014 14:17:00,40.7853,-73.9556
4/1/2014 14:17:00,40.7853,-73.9556
4/1/2014 14:18:00,40.7244,-74.0007
4/1/2014 14:20:00,40.7196,-74.0006
4/1/2014 14:21:00,40.7691,-73.9812
4/1/2014 14:21:00,40.7516,-73.9909
4/1/2014 14:21:00,40.7677,-73.9657
4/1/2014 14:23:00,40.7546,-73.966
4/1/2014 14:23:00,40.7578,-73.9893
4/1/2014 14:23:00,40.7619,-73.9791
4/1/2014 14:26:00,40.7397,-73.9867
4/1/2014 14:27:00,40.7275,-74.001
4/1/2014 14:27:00,40.7694,-73.9658
4/1/2014 14:28:00,40.8005,-73.9693
4/1/2014 14:29:00,40.645,-73.7819
4/1/2014 14:32:00,40.9651,-74.0736
4/1/2014 14:32:00,40.7705,-73.9662
4/1/2014 14:36:00,40.6833,-73.9768
4/1/2014 14:37:00,40.7797,-74.0097
4/1/2014 14:38:00,40.7598,-73.9915
4/1/2014 14:39:00,40.6448,-73.7826
4/1/2014 14:40:00,40.7407,-73.9869
4/1/2014 14:40:00,40.7754,-73.9628
4/1/2014 14:41:00,40.7104,-73.9847
4/1/2014 14:42:00,40.7198,-74.0051
4/1/2014 14:43:00,40.7103,-73.9846
4/1/2014 14:43:00,40.6931,-74.1834
4/1/2014 14:45:00,40.7394,-74.0062
4/1/2014 14:45:00,40.7647,-73.9706
4/1/2014 14:51:00,40.7642,-73.9632
4/1/2014 14:53:00,40.6951,-74.1787
4/1/2014 14:55:00,40.7585,-73.9697
4/1/2014 14:55:00,40.7504,-73.9945
4/1/2014 14:57:00,40.7682,-73.953
4/1/2014 14:57:00,40.7247,-74.0022
4/1/2014 14:57:00,40.7145,-74.0025
4/1/2014 15:00:00,40.7593,-73.9745
4/1/2014 15:02:00,40.7284,-74.0071
4/1/2014 15:03:00,40.7079,-74.0093
4/1/2014 15:04:00,40.7692,-73.9631
4/1/2014 15:07:00,40.7644,-73.953
4/1/2014 15:08:00,40.7553,-73.9795
4/1/2014 15:08:00,40.7551,-73.9622
4/1/2014 15:08:00,40.7741,-73.8727
4/1/2014 15:09:00,40.7545,-73.9757
4/1/2014 15:09:00,40.7355,-73.9755
4/1/2014 15:10:00,40.771,-73.866
4/1/2014 15:11:00,40.7755,-73.9558
4/1/2014 15:11:00,40.7283,-73.9869
4/1/2014 15:14:00,40.7577,-73.9902
4/1/2014 15:14:00,40.764,-73.9825
4/1/2014 15:14:00,40.7644,-73.9806
4/1/2014 15:18:00,40.8092,-73.9536
4/1/2014 15:19:00,40.7708,-73.8658
4/1/2014 15:19:00,40.7556,-73.9716
4/1/2014 15:19:00,40.7578,-73.9739
4/1/2014 15:20:00,40.7557,-73.974
4/1/2014 15:21:00,40.7101,-73.9849
4/1/2014 15:24:00,40.7798,-73.96
4/1/2014 15:24:00,40.7798,-73.96
4/1/2014 15:24:00,40.8247,-73.9735
4/1/2014 15:24:00,40.7416,-74.0067
4/1/2014 15:24:00,40.7624,-73.9744
4/1/2014 15:25:00,40.7644,-73.9727
4/1/2014 15:25:00,40.7641,-73.977
4/1/2014 15:26:00,40.745,-73.985
4/1/2014 15:27:00,40.7617,-73.973
4/1/2014 15:31:00,40.7636,-73.9735
4/1/2014 15:32:00,40.7413,-74.0062
4/1/2014 15:35:00,40.7866,-73.9547
4/1/2014 15:35:00,40.7824,-73.9466
4/1/2014 15:35:00,40.7616,-73.9686
4/1/2014 15:37:00,40.7566,-73.9788
4/1/2014 15:39:00,40.6339,-74.0131
4/1/2014 15:39:00,40.7274,-74.0073
4/1/2014 15:40:00,40.7739,-73.8715
4/1/2014 15:41:00,40.7671,-73.9875
4/1/2014 15:41:00,40.6951,-74.1783
4/1/2014 15:44:00,40.7731,-73.9893
4/1/2014 15:45:00,40.7122,-73.998
4/1/2014 15:45:00,40.6956,-74.1779
4/1/2014 15:46:00,40.6433,-73.7895
4/1/2014 15:48:00,40.7556,-73.9753
4/1/2014 15:48:00,40.7593,-73.9708
4/1/2014 15:49:00,40.7619,-73.9726
4/1/2014 15:51:00,40.7729,-73.9599
4/1/2014 15:52:00,40.7616,-73.9754
4/1/2014 15:53:00,40.7207,-74.0031
4/1/2014 15:54:00,40.6449,-73.7823
4/1/2014 15:55:00,40.7413,-73.9947
4/1/2014 15:55:00,40.7658,-73.9802
4/1/2014 15:56:00,40.7623,-73.9788
4/1/2014 15:56:00,40.744,-73.9954
4/1/2014 15:56:00,40.7799,-73.9608
4/1/2014 15:58:00,40.7591,-73.9724
4/1/2014 15:59:00,40.7573,-73.9712
4/1/2014 15:59:00,40.7573,-73.9712
4/2/2014 8:01:00,40.779,-73.9485
4/2/2014 8:04:00,40.5802,-73.9698
4/2/2014 8:06:00,40.7256,-73.9938
4/2/2014 8:06:00,40.7305,-73.9832
4/2/2014 8:06:00,40.7336,-74.0082
4/2/2014 8:07:00,40.7156,-73.9407
4/2/2014 8:07:00,40.7369,-73.9789
4/2/2014 8:08:00,40.7646,-73.9778
4/2/2014 8:10:00,40.762,-73.9714
4/2/2014 8:10:00,40.7196,-73.9895
4/2/2014 8:11:00,40.7666,-73.96
4/2/2014 8:11:00,40.7288,-73.9994
4/2/2014 8:12:00,40.7484,-73.9902
4/2/2014 8:12:00,40.7802,-73.9512
4/2/2014 8:12:00,40.7059,-74.0084
4/2/2014 8:13:00,40.7679,-73.9855
4/2/2014 8:14:00,40.7274,-73.981
4/2/2014 8:15:00,40.777,-73.9498
4/2/2014 8:18:00,40.7328,-73.9856
4/2/2014 8:18:00,40.7739,-73.8727
4/2/2014 8:19:00,40.7015,-73.9826
4/2/2014 8:19:00,40.7044,-74.0144
4/2/2014 8:19:00,40.7261,-74.0005
4/2/2014 8:20:00,40.7349,-73.9772
4/2/2014 8:20:00,40.736,-73.9918
4/2/2014 8:20:00,40.7991,-73.9612
4/2/2014 8:21:00,40.7261,-73.9872
4/2/2014 8:22:00,40.75,-73.9754
4/2/2014 8:24:00,40.7455,-74.0057
4/2/2014 8:25:00,40.7197,-74.0025
4/2/2014 8:26:00,40.776,-73.9603
4/2/2014 8:27:00,40.7189,-74.0024
4/2/2014 8:28:00,40.7716,-73.9865
4/2/2014 8:30:00,40.7621,-73.9875
4/2/2014 8:31:00,40.7117,-74.0069
4/2/2014 8:32:00,40.7093,-74.0177
4/2/2014 8:32:00,40.7834,-73.9783
4/2/2014 8:32:00,40.7187,-74.0052
4/2/2014 8:33:00,40.7666,-73.9707
4/2/2014 8:35:00,40.75,-73.9815
4/2/2014 8:35:00,40.7663,-73.9607
4/2/2014 8:35:00,40.7406,-74.0078
4/2/2014 8:35:00,40.7406,-74.0078
4/2/2014 8:36:00,40.7354,-74.0039
4/2/2014 8:36:00,40.7361,-73.9979
4/2/2014 8:36:00,40.779,-73.9826
4/2/2014 8:37:00,40.7407,-73.9874
4/2/2014 8:38:00,40.7896,-73.9759
4/2/2014 8:39:00,40.7483,-73.9728
4/2/2014 8:39:00,40.733,-73.996
4/2/2014 8:40:00,40.6947,-73.9594
4/2/2014 8:43:00,40.7831,-73.9568
4/2/2014 8:43:00,40.774,-73.9659
4/2/2014 8:43:00,40.7659,-73.9545
4/2/2014 8:44:00,40.7599,-73.9913
4/2/2014 8:46:00,40.7235,-74.0107
4/2/2014 8:46:00,40.7642,-73.9712
4/2/2014 8:48:00,40.6735,-73.9516
4/2/2014 8:48:00,40.7181,-74.0031
4/2/2014 8:49:00,40.7578,-73.989
4/2/2014 8:49:00,40.7747,-73.9603
4/2/2014 8:52:00,40.7412,-74.0034
4/2/2014 8:53:00,40.7519,-73.9937
4/2/2014 8:54:00,40.7527,-73.9857
4/2/2014 8:55:00,40.7543,-73.9755
4/2/2014 8:56:00,40.775,-73.9764
4/2/2014 8:56:00,40.7742,-73.9632
4/2/2014 8:57:00,40.7502,-73.984
4/2/2014 9:00:00,40.8897,-73.903
4/2/2014 9:00:00,40.7056,-74.0063
4/2/2014 9:00:00,40.7505,-73.9946
4/2/2014 9:03:00,40.7515,-73.9784
4/2/2014 9:04:00,40.7507,-74.0034
4/2/2014 9:07:00,40.7301,-74.0415
4/2/2014 9:07:00,40.7301,-74.0415
4/2/2014 9:07:00,40.7684,-73.9599
4/2/2014 9:08:00,40.7181,-73.987
4/2/2014 9:08:00,40.7049,-74.0157
4/2/2014 9:10:00,40.7758,-73.9561
4/2/2014 9:11:00,40.7562,-73.9717
4/2/2014 9:11:00,40.7415,-74.0067
4/2/2014 9:12:00,40.7467,-73.9883
4/2/2014 9:13:00,40.7554,-73.9713
4/2/2014 9:14:00,40.7241,-73.9975
4/2/2014 9:14:00,40.6912,-73.9939
4/2/2014 9:15:00,40.7752,-73.9635
4/2/2014 9:23:00,40.7518,-73.9937
4/2/2014 9:23:00,40.7518,-73.9937
4/2/2014 9:25:00,40.7127,-73.9659
4/2/2014 9:27:00,40.7653,-73.9614
4/2/2014 9:31:00,40.6801,-74.0097
4/2/2014 9:31:00,40.7505,-73.9782
4/2/2014 9:32:00,40.7745,-73.964
4/2/2014 9:32:00,40.7352,-73.9976
4/2/2014 9:33:00,40.74,-74.007
4/2/2014 9:33:00,40.7451,-73.9892
4/2/2014 9:35:00,40.7877,-73.9787
4/2/2014 9:36:00,40.7643,-73.9735
4/2/2014 9:37:00,40.7246,-73.9916
4/2/2014 9:37:00,40.7258,-73.9987
4/2/2014 9:38:00,40.7619,-73.9727
4/2/2014 9:39:00,40.7428,-73.9862
4/2/2014 9:39:00,40.7235,-74.0062
4/2/2014 9:39:00,40.7648,-73.9705
4/2/2014 9:40:00,40.7229,-73.9967
4/2/2014 9:42:00,40.7261,-73.9973
4/2/2014 9:42:00,40.7829,-73.9573
4/2/2014 9:43:00,40.7667,-73.9792
4/2/2014 9:49:00,40.7553,-73.981
4/2/2014 9:51:00,40.7645,-73.9797
4/2/2014 9:51:00,40.7645,-73.9797
4/2/2014 9:52:00,40.7685,-73.8625
4/2/2014 9:54:00,40.7349,-74.0076
4/2/2014 9:55:00,40.7906,-73.9559
4/2/2014 9:56:00,40.7478,-74.0045
4/2/2014 9:56:00,40.7751,-73.9634
4/2/2014 9:57:00,40.7657,-73.972
4/2/2014 10:00:00,40.7595,-73.9854
4/2/2014 10:01:00,40.7258,-73.9949
4/2/2014 10:02:00,40.7539,-73.9954
4/2/2014 10:02:00,40.772,-73.961
4/2/2014 10:03:00,40.7749,-73.9652
4/2/2014 10:03:00,40.7439,-73.9878
4/2/2014 10:03:00,40.7741,-73.9631
4/2/2014 10:03:00,40.7071,-74.0048
4/2/2014 10:03:00,40.7419,-74.0036
4/2/2014 10:04:00,40.7401,-73.9939
4/2/2014 10:07:00,40.7636,-73.9692
4/2/2014 10:07:00,40.8722,-74.0626
4/2/2014 10:08:00,40.7474,-73.9815
4/2/2014 10:08:00,40.7708,-73.8656
4/2/2014 10:08:00,40.7624,-73.9835
4/2/2014 10:09:00,40.7237,-73.9889
4/2/2014 10:09:00,40.7704,-73.8652
4/2/2014 10:09:00,40.7497,-73.9915
4/2/2014 10:10:00,40.7228,-73.9983
4/2/2014 10:10:00,40.7371,-73.9987
4/2/2014 10:13:00,40.7715,-73.9654
4/2/2014 10:13:00,40.7338,-73.9431
4/2/2014 10:15:00,40.7697,-73.9486
4/2/2014 10:16:00,40.7793,-73.9623
4/2/2014 10:16:00,40.7528,-73.9328
4/2/2014 10:16:00,40.7856,-74.0165
4/2/2014 10:16:00,40.7856,-74.0165
4/2/2014 10:17:00,40.7604,-73.9801
4/2/2014 10:18:00,40.805,-73.9668
4/2/2014 10:19:00,40.7446,-73.9876
4/2/2014 10:21:00,40.7871,-73.9776
4/2/2014 10:23:00,40.8551,-73.9322
4/2/2014 10:23:00,40.7338,-74.0046
4/2/2014 10:23:00,40.7989,-73.9414
4/2/2014 10:24:00,40.7605,-73.9855
4/2/2014 10:29:00,40.7718,-73.9634
4/2/2014 10:29:00,40.7555,-73.9771
4/2/2014 10:33:00,40.7644,-73.9714
4/2/2014 10:33:00,40.7442,-73.9833
4/2/2014 10:34:00,40.7363,-74.1654
4/2/2014 10:35:00,40.7267,-73.9957
4/2/2014 10:38:00,40.7619,-73.9665
4/2/2014 10:41:00,40.773,-73.9662
4/2/2014 10:41:00,40.804,-73.9311
4/2/2014 10:42:00,40.7547,-73.9897
4/2/2014 10:42:00,40.7222,-73.9997
4/2/2014 10:44:00,40.7516,-73.9768
4/2/2014 10:45:00,40.779,-73.9581
4/2/2014 10:46:00,40.7369,-74.0076
4/2/2014 10:47:00,40.7827,-73.9798
4/2/2014 10:48:00,40.7219,-74.0022
4/2/2014 10:51:00,40.7607,-73.986
4/2/2014 10:52:00,40.7715,-73.965
4/2/2014 10:53:00,40.7301,-74.0055
4/2/2014 10:53:00,40.752,-73.9936
4/2/2014 10:55:00,40.7336,-73.9959
4/2/2014 10:55:00,40.7575,-73.9756
4/2/2014 10:57:00,40.771,-73.8657
4/2/2014 10:58:00,40.7569,-73.9741
4/2/2014 11:00:00,40.7516,-73.976
4/2/2014 11:00:00,40.7582,-73.9753
4/2/2014 11:01:00,40.7228,-74.0047
4/2/2014 11:02:00,40.7732,-73.8856
4/2/2014 11:02:00,40.7732,-73.8856
4/2/2014 11:03:00,40.714,-74.0095
4/2/2014 11:04:00,40.7631,-73.9823
4/2/2014 11:05:00,40.7795,-73.9736
4/2/2014 11:05:00,40.7736,-73.9637
4/2/2014 11:05:00,40.759,-73.9943
4/2/2014 11:11:00,40.712,-73.9631
4/2/2014 11:12:00,40.7567,-73.984
4/2/2014 11:13:00,40.7646,-73.9666
4/2/2014 11:13:00,40.7549,-73.9728
4/2/2014 11:14:00,40.7092,-74.0163
4/2/2014 11:14:00,40.6948,-74.1777
4/2/2014 11:14:00,40.7598,-73.9845
4/2/2014 11:15:00,40.7573,-73.9667
4/2/2014 11:17:00,40.7239,-73.9966
4/2/2014 11:19:00,40.783,-73.9572
4/2/2014 11:23:00,40.7541,-73.9857
4/2/2014 11:23:00,40.7569,-73.9734
4/2/2014 11:26:00,40.7543,-73.9739
4/2/2014 11:26:00,40.7665,-73.9864
4/2/2014 11:31:00,40.7319,-73.9996
4/2/2014 11:34:00,40.8073,-73.9643
4/2/2014 11:35:00,40.7611,-73.9692
4/2/2014 11:35:00,40.7501,-73.9735
4/2/2014 11:37:00,40.7388,-74.1654
4/2/2014 11:37:00,40.7336,-74.0064
4/2/2014 11:38:00,40.757,-73.9821
4/2/2014 11:41:00,40.7539,-73.9942
4/2/2014 11:41:00,40.7676,-73.9825
4/2/2014 11:42:00,40.7477,-73.9807
4/2/2014 11:42:00,40.7583,-73.9816
4/2/2014 11:45:00,40.7387,-74.0087
4/2/2014 11:46:00,40.6928,-73.9738
4/2/2014 11:46:00,40.7116,-73.9613
4/2/2014 11:47:00,40.7325,-73.9969
4/2/2014 11:47:00,40.7602,-73.9832
4/2/2014 11:49:00,40.754,-73.9801
4/2/2014 11:49:00,40.73,-74.0066
4/2/2014 11:50:00,40.7578,-73.9746
4/2/2014 11:50:00,40.7407,-73.9837
4/2/2014 11:52:00,40.7255,-74.01
4/2/2014 11:53:00,40.7572,-73.9741
4/2/2014 11:54:00,40.7781,-73.9804
4/2/2014 11:55:00,40.705,-74.0113
4/2/2014 11:56:00,40.72,-73.9788
4/2/2014 11:57:00,40.7251,-74.0047
4/2/2014 11:58:00,40.7535,-73.9926
4/2/2014 11:59:00,40.7063,-74.0167
4/2/2014 12:00:00,40.744,-74.001
4/2/2014 12:01:00,40.7593,-73.9685
4/2/2014 12:03:00,40.7549,-73.9803
4/2/2014 12:04:00,40.7742,-73.8723
4/2/2014 12:06:00,40.7075,-74.0056
4/2/2014 12:08:00,40.7249,-74.0078
4/2/2014 12:10:00,40.7795,-73.9614
4/2/2014 12:10:00,40.7795,-73.9614
4/2/2014 12:11:00,40.7609,-73.9712
4/2/2014 12:15:00,40.7741,-73.8726
4/2/2014 12:18:00,40.758,-73.9849
4/2/2014 12:18:00,40.7212,-73.9992
4/2/2014 12:22:00,40.7609,-73.9696
4/2/2014 12:26:00,40.7656,-73.9549
4/2/2014 12:26:00,40.7739,-73.8727
4/2/2014 12:26:00,40.7714,-73.9645
4/2/2014 12:26:00,40.7803,-73.9596
4/2/2014 12:27:00,40.7307,-73.9851
4/2/2014 12:27:00,40.7413,-73.9877
4/2/2014 12:28:00,40.736,-73.9876
4/2/2014 12:34:00,40.7097,-74.0045
4/2/2014 12:35:00,40.7694,-73.9832
4/2/2014 12:35:00,40.7649,-73.9784
4/2/2014 12:36:00,40.7374,-74.0386
4/2/2014 12:37:00,40.83,-73.9719
4/2/2014 12:37:00,40.83,-73.9719
4/2/2014 12:37:00,40.7309,-73.9914
4/2/2014 12:38:00,40.7765,-73.9766
4/2/2014 12:40:00,40.718,-74.0048
4/2/2014 12:41:00,40.7714,-73.9899
4/2/2014 12:41:00,40.7244,-74.0001
4/2/2014 12:42:00,40.728,-74.005
4/2/2014 12:42:00,40.7368,-74.0046
4/2/2014 12:44:00,40.7562,-73.9797
4/2/2014 12:45:00,40.7415,-73.9752
4/2/2014 12:46:00,40.7511,-73.9851
4/2/2014 12:47:00,40.7056,-74.0134
4/2/2014 12:48:00,40.7571,-73.97
4/2/2014 12:51:00,40.7676,-73.9616
4/2/2014 12:51:00,40.7544,-73.9834
4/2/2014 12:53:00,40.7653,-73.9755
4/2/2014 12:55:00,40.7619,-73.9794
4/2/2014 12:56:00,40.7279,-73.9992
4/2/2014 12:56:00,40.7371,-73.9886
4/2/2014 12:57:00,40.7549,-73.9706
4/2/2014 12:59:00,40.7321,-74.0021
4/2/2014 12:59:00,40.772,-73.9597
4/2/2014 12:59:00,40.772,-73.9597
4/2/2014 13:00:00,40.7025,-73.9888
4/2/2014 13:03:00,40.751,-73.9815
4/2/2014 13:03:00,40.7043,-74.0097
4/2/2014 13:05:00,40.7528,-73.985
4/2/2014 13:05:00,40.7565,-73.9676
4/2/2014 13:07:00,40.7508,-74.0036
4/2/2014 13:08:00,40.7728,-73.8856
4/2/2014 13:08:00,40.7458,-73.994
4/2/2014 13:10:00,40.7599,-73.9813
4/2/2014 13:11:00,40.6605,-73.9803
4/2/2014 13:12:00,40.7266,-73.9939
4/2/2014 13:13:00,40.7564,-73.9868
4/2/2014 13:13:00,40.7747,-73.9633
4/2/2014 13:17:00,40.7507,-73.9876
4/2/2014 13:18:00,40.7741,-73.8726
4/2/2014 13:20:00,40.7115,-74.04
4/2/2014 13:21:00,40.7535,-73.9775
4/2/2014 13:21:00,40.7617,-73.9749
4/2/2014 13:22:00,40.7409,-73.9921
4/2/2014 13:23:00,40.7471,-73.9933
4/2/2014 13:24:00,40.7663,-73.9682
4/2/2014 13:24:00,40.7622,-73.9709
4/2/2014 13:25:00,40.6748,-74.0106
4/2/2014 13:26:00,40.7209,-73.9949
4/2/2014 13:27:00,40.8406,-73.9431
4/2/2014 13:30:00,40.7256,-73.9965
4/2/2014 13:32:00,40.7723,-73.9653
4/2/2014 13:32:00,40.7634,-73.9819
4/2/2014 13:34:00,40.7368,-73.9737
4/2/2014 13:34:00,40.8189,-73.9933
4/2/2014 13:36:00,40.7321,-74.0006
4/2/2014 13:37:00,40.7157,-74.0058
4/2/2014 13:37:00,40.7524,-73.9796
4/2/2014 13:41:00,40.7756,-73.9604
4/2/2014 13:41:00,40.7585,-73.6966
4/2/2014 13:42:00,40.7316,-73.9967
4/2/2014 13:43:00,40.7107,-74.0111
4/2/2014 13:43:00,40.751,-73.9823
4/2/2014 13:43:00,40.7145,-74.0814
4/2/2014 13:43:00,40.7145,-74.0814
4/2/2014 13:43:00,40.7586,-73.9688
4/2/2014 13:43:00,40.7296,-73.9846
4/2/2014 13:43:00,40.7569,-73.9733
4/2/2014 13:46:00,40.7798,-73.9503
4/2/2014 13:47:00,40.7748,-73.991
4/2/2014 13:48:00,40.7683,-73.9928
4/2/2014 13:48:00,40.7616,-73.9831
4/2/2014 13:49:00,40.7516,-73.994
4/2/2014 13:50:00,40.6461,-73.7767
4/2/2014 13:51:00,40.7566,-73.9746
4/2/2014 13:52:00,40.7496,-73.9795
4/2/2014 13:57:00,40.7711,-73.9243
4/2/2014 13:58:00,40.7306,-74.0067
4/2/2014 13:59:00,40.7049,-74.0096
4/2/2014 14:01:00,40.716,-74.0123
4/2/2014 14:02:00,40.7216,-74.0083
4/2/2014 14:02:00,40.721,-74.0084
4/2/2014 14:03:00,40.7251,-74.0013
4/2/2014 14:04:00,40.6521,-73.9526
4/2/2014 14:04:00,40.7707,-73.9806
4/2/2014 14:05:00,40.7137,-74.0636
4/2/2014 14:05:00,40.7137,-74.0636
4/2/2014 14:05:00,40.7458,-73.9879
4/2/2014 14:06:00,40.7291,-74.0092
4/2/2014 14:06:00,40.7232,-74.0097
4/2/2014 14:06:00,40.7094,-74.0137
4/2/2014 14:07:00,40.6449,-73.7822
4/2/2014 14:08:00,40.7591,-73.9709
4/2/2014 14:10:00,40.7803,-73.973
4/2/2014 14:11:00,40.7242,-73.9878
4/2/2014 14:11:00,40.7426,-73.9863
4/2/2014 14:11:00,40.7418,-74.0075
4/2/2014 14:12:00,40.7546,-73.9714
4/2/2014 14:12:00,40.894,-73.8186
4/2/2014 14:13:00,40.7627,-73.9821
4/2/2014 14:14:00,40.7791,-73.962
4/2/2014 14:14:00,40.6447,-73.7821
4/2/2014 14:16:00,40.7133,-73.9647
4/2/2014 14:19:00,40.7508,-74.0422
4/2/2014 14:20:00,40.7565,-73.9724
4/2/2014 14:20:00,40.7644,-73.9754
4/2/2014 14:21:00,40.7233,-74.008
4/2/2014 14:21:00,40.7036,-73.9309
4/2/2014 14:22:00,40.716,-74.0499
4/2/2014 14:22:00,40.716,-74.0499
4/2/2014 14:22:00,40.7652,-73.9655
4/2/2014 14:22:00,40.74,-74.0059
4/2/2014 14:24:00,40.6465,-73.7899
4/2/2014 14:24:00,40.7676,-73.9684
4/2/2014 14:24:00,40.7596,-73.9806
4/2/2014 14:26:00,40.7711,-73.9661
4/2/2014 14:26:00,40.7342,-73.985
4/2/2014 14:28:00,40.7145,-74.0119
4/2/2014 14:28:00,40.7271,-74.0054
4/2/2014 14:29:00,40.7696,-73.9662
4/2/2014 14:30:00,40.7586,-73.9863
4/2/2014 14:30:00,40.7259,-73.9974
4/2/2014 14:30:00,40.7715,-73.9678
4/2/2014 14:30:00,40.7443,-73.9888
4/2/2014 14:33:00,40.7388,-74.0056
4/2/2014 14:34:00,40.7788,-73.9822
4/2/2014 14:36:00,40.7412,-74.005
4/2/2014 14:36:00,40.7275,-74.0015
4/2/2014 14:37:00,40.6449,-73.782
4/2/2014 14:38:00,40.7038,-73.9866
4/2/2014 14:40:00,40.7063,-74.009
4/2/2014 14:40:00,40.7743,-73.9543
4/2/2014 14:40:00,40.7726,-73.9613
4/2/2014 14:41:00,40.726,-73.9918
4/2/2014 14:42:00,40.748,-73.985
4/2/2014 14:45:00,40.7341,-73.9951
4/2/2014 14:45:00,40.6449,-73.782
4/2/2014 14:46:00,40.7687,-73.8671
4/2/2014 14:46:00,40.6893,-73.9966
4/2/2014 14:47:00,40.7628,-73.9691
4/2/2014 14:48:00,40.7331,-73.9998
4/2/2014 14:48:00,40.7754,-73.9841
4/2/2014 14:49:00,40.7749,-73.9609
4/2/2014 14:49:00,40.8947,-73.9418
4/2/2014 14:49:00,40.78,-73.9786
4/2/2014 14:50:00,40.7393,-74.0421
4/2/2014 14:50:00,40.7393,-74.0421
4/2/2014 14:51:00,40.7261,-73.9926
4/2/2014 14:51:00,40.81,-73.9513
4/2/2014 14:51:00,40.7492,-74.003
4/2/2014 14:51:00,40.7103,-73.9846
4/2/2014 14:52:00,40.748,-74.0002
4/2/2014 14:52:00,40.7507,-74.0034
4/2/2014 14:52:00,40.7282,-74.0072
4/2/2014 14:53:00,40.8024,-73.9365
4/2/2014 14:53:00,40.7403,-73.9947
4/2/2014 14:54:00,40.762,-73.9684
4/2/2014 14:54:00,40.7494,-74.0031
4/2/2014 14:56:00,40.747,-74.0063
4/2/2014 14:56:00,40.73,-73.9917
4/2/2014 14:57:00,40.7594,-73.9753
4/2/2014 14:57:00,40.7554,-73.9758
4/2/2014 14:58:00,40.8736,-74.0063
4/2/2014 14:58:00,40.7249,-74.0083
4/2/2014 14:59:00,40.7096,-74.015
4/2/2014 15:00:00,40.764,-73.9823
4/2/2014 15:00:00,40.776,-73.9442
4/2/2014 15:03:00,40.7628,-73.9717
4/2/2014 15:06:00,40.743,-73.9846
4/2/2014 15:07:00,40.7468,-74.0078
4/2/2014 15:07:00,40.8378,-73.8346
4/2/2014 15:09:00,40.7629,-73.9737
4/2/2014 15:10:00,40.7201,-74.0054
4/2/2014 15:10:00,40.7642,-73.9921
4/2/2014 15:12:00,40.7528,-73.9776
4/2/2014 15:12:00,40.7814,-73.9803
4/2/2014 15:13:00,40.7579,-73.9728
4/2/2014 15:13:00,40.7223,-74.0038
4/2/2014 15:13:00,40.7161,-74.0119
4/2/2014 15:13:00,40.7554,-73.9748
4/2/2014 15:13:00,40.7328,-73.9815
4/2/2014 15:14:00,40.7419,-73.9852
4/2/2014 15:14:00,40.7571,-73.9836
4/2/2014 15:15:00,40.7732,-73.8856
4/2/2014 15:15:00,40.7732,-73.8856
4/2/2014 15:16:00,40.7607,-73.9847
4/2/2014 15:16:00,40.7604,-73.9759
4/2/2014 15:16:00,40.7731,-73.8854
4/2/2014 15:17:00,40.7618,-73.9665
4/2/2014 15:18:00,40.7521,-73.9855
4/2/2014 15:18:00,40.685,-73.9621
4/2/2014 15:19:00,40.7634,-73.9749
4/2/2014 15:21:00,40.725,-73.9955
4/2/2014 15:22:00,40.7512,-73.9939
4/2/2014 15:22:00,40.7562,-73.9827
4/2/2014 15:23:00,40.7889,-73.981
4/2/2014 15:23:00,40.7413,-73.985
4/2/2014 15:24:00,40.7626,-73.9791
4/2/2014 15:25:00,40.7249,-73.9984
4/2/2014 15:26:00,40.715,-74.006
4/2/2014 15:26:00,40.7448,-74.005
4/2/2014 15:26:00,40.786,-73.9571
4/2/2014 15:26:00,40.6624,-73.9365
4/2/2014 15:27:00,40.7258,-73.9999
4/2/2014 15:27:00,40.7599,-73.9699
4/2/2014 15:27:00,40.7468,-73.9981
4/2/2014 15:28:00,40.7251,-74.0012
4/2/2014 15:28:00,40.7632,-73.9696
4/2/2014 15:29:00,40.7659,-73.9545
4/2/2014 15:29:00,40.7113,-73.9611
4/2/2014 15:29:00,40.7175,-74.0075
4/2/2014 15:30:00,40.7717,-73.9674
4/2/2014 15:30:00,40.7787,-73.9872
4/2/2014 15:31:00,40.7623,-73.9682
4/2/2014 15:32:00,40.7143,-74.014
4/2/2014 15:32:00,40.7747,-73.9643
4/2/2014 15:34:00,40.8039,-73.9582
4/2/2014 15:34:00,40.7194,-74.0043
4/2/2014 15:35:00,40.7508,-73.9785
4/2/2014 15:35:00,40.7296,-73.9932
4/2/2014 15:35:00,40.7419,-73.9749
4/2/2014 15:36:00,40.7601,-73.9697
4/2/2014 15:36:00,40.7569,-73.99
4/2/2014 15:36:00,40.7716,-73.9807
4/2/2014 15:36:00,40.7716,-73.9807
4/2/2014 15:37:00,40.753,-73.9854
4/2/2014 15:37:00,40.74,-73.9853
4/2/2014 15:38:00,40.7186,-73.9604
4/2/2014 15:38:00,40.7539,-73.9894
4/2/2014 15:39:00,40.7693,-73.9823
4/2/2014 15:39:00,40.7402,-73.9905
4/2/2014 15:40:00,40.769,-73.9819
4/2/2014 15:40:00,40.7493,-74.003
4/2/2014 15:41:00,40.7648,-73.9735
4/2/2014 15:41:00,40.7252,-73.9951
4/2/2014 15:42:00,40.7496,-73.9815
4/2/2014 15:42:00,40.7606,-73.9749
4/2/2014 15:43:00,40.756,-73.9705
4/2/2014 15:45:00,40.7622,-73.9704
4/2/2014 15:45:00,40.7622,-73.9704
4/2/2014 15:46:00,40.7599,-73.9784
4/2/2014 15:47:00,40.747,-73.9986
4/2/2014 15:48:00,40.7583,-73.9684
4/2/2014 15:49:00,40.7567,-73.9903
4/2/2014 15:49:00,40.7779,-73.9459
4/2/2014 15:49:00,40.7655,-73.9696
4/2/2014 15:50:00,40.7444,-73.9955
4/2/2014 15:51:00,40.7641,-73.9544
4/2/2014 15:51:00,40.7537,-73.9962
4/2/2014 15:51:00,40.7413,-73.9965
4/2/2014 15:51:00,40.7376,-74.0094
4/2/2014 15:52:00,40.7594,-73.9727
4/2/2014 15:53:00,40.7661,-73.9527
4/2/2014 15:53:00,40.7873,-73.974
4/2/2014 15:53:00,40.7873,-73.974
4/2/2014 15:53:00,40.7636,-73.9735
4/2/2014 15:54:00,40.7622,-73.9745
4/2/2014 15:54:00,40.7538,-73.9743
4/2/2014 15:55:00,40.7287,-73.9878
4/2/2014 15:55:00,40.7668,-73.969
4/2/2014 15:56:00,40.7742,-73.9831
4/2/2014 15:56:00,40.751,-73.9944
4/2/2014 15:59:00,40.7538,-73.9774
4/2/2014 15:59:00,40.7187,-74.0028
4/2/2014 15:59:00,40.7269,-73.9998
4/2/2014 15:59:00,40.7666,-73.9856
4/2/2014 15:59:00,40.7647,-73.9825
4/2/2014 16:00:00,40.7624,-73.9824
4/2/2014 16:00:00,40.7587,-73.9729
4/2/2014 16:00:00,40.7587,-73.9729
4/3/2014 8:01:00,40.7848,-73.956
4/3/2014 8:02:00,40.7588,-73.9894
4/3/2014 8:03:00,40.7381,-74.0073
4/3/2014 8:06:00,40.7753,-73.9893
4/3/2014 8:06:00,40.751,-73.9943
4/3/2014 8:08:00,40.7793,-73.9882
4/3/2014 8:09:00,40.7361,-74.0043
4/3/2014 8:09:00,40.7708,-73.9539
4/3/2014 8:10:00,40.7366,-73.9931
4/3/2014 8:10:00,40.7739,-73.8725
4/3/2014 8:11:00,40.7605,-73.9837
4/3/2014 8:12:00,40.7594,-73.9599
4/3/2014 8:12:00,40.7249,-73.9807
4/3/2014 8:15:00,40.746,-73.9851
4/3/2014 8:18:00,40.7299,-73.9923
4/3/2014 8:18:00,40.7732,-73.8857
4/3/2014 8:19:00,40.7081,-74.0034
4/3/2014 8:20:00,40.7327,-73.9995
4/3/2014 8:20:00,40.7327,-73.9995
4/3/2014 8:21:00,40.7168,-74.0148
4/3/2014 8:21:00,40.7124,-74.009
4/3/2014 8:21:00,40.7778,-73.9891
4/3/2014 8:22:00,40.7534,-73.976
4/3/2014 8:23:00,40.6775,-73.9748
4/3/2014 8:23:00,40.7601,-73.974
4/3/2014 8:24:00,40.7209,-73.9992
4/3/2014 8:26:00,40.7438,-74.0063
4/3/2014 8:28:00,40.7233,-73.9912
4/3/2014 8:30:00,40.7742,-73.983
4/3/2014 8:32:00,40.7342,-73.955
4/3/2014 8:33:00,40.7453,-74.0059
4/3/2014 8:34:00,40.7588,-73.9924
4/3/2014 8:36:00,40.7663,-73.925
4/3/2014 8:38:00,40.7697,-73.9604
4/3/2014 8:39:00,40.7337,-74.0017
4/3/2014 8:40:00,40.7416,-73.9818
4/3/2014 8:42:00,40.7531,-73.9722
4/3/2014 8:42:00,40.7688,-73.9583
4/3/2014 8:44:00,40.74,-74.006
4/3/2014 8:44:00,40.74,-74.006
4/3/2014 8:44:00,40.7498,-73.9836
4/3/2014 8:45:00,40.7754,-73.9905
4/3/2014 8:46:00,40.769,-73.9854
4/3/2014 8:46:00,40.7845,-73.9735
4/3/2014 8:47:00,40.757,-73.9899
4/3/2014 8:47:00,40.6476,-73.7808
4/3/2014 8:48:00,40.7528,-73.9397
4/3/2014 8:48:00,40.7221,-74.0026
4/3/2014 8:48:00,40.769,-73.9612
4/3/2014 8:48:00,40.7312,-74.0096
4/3/2014 8:49:00,40.749,-73.9777
4/3/2014 8:50:00,40.7487,-74.0018
4/3/2014 8:50:00,40.7414,-73.9991
4/3/2014 8:53:00,40.7095,-74.0172
4/3/2014 8:53:00,40.7554,-73.9814
4/3/2014 8:54:00,40.7198,-74.0107
4/3/2014 8:59:00,40.7584,-73.9866
4/3/2014 8:59:00,40.7685,-73.8626
4/3/2014 9:05:00,40.7524,-73.9933
4/3/2014 9:06:00,40.7345,-73.9945
4/3/2014 9:13:00,40.7749,-73.9901
4/3/2014 9:15:00,40.7781,-73.9759
4/3/2014 9:16:00,40.7633,-73.9668
4/3/2014 9:17:00,40.792,-73.9651
4/3/2014 9:18:00,40.7517,-73.9771
4/3/2014 9:19:00,40.7526,-73.9718
4/3/2014 9:20:00,40.7657,-73.9685
4/3/2014 9:24:00,40.7249,-73.9955
4/3/2014 9:25:00,40.7706,-73.9643
4/3/2014 9:26:00,40.7721,-73.9583
4/3/2014 9:26:00,40.7551,-73.9731
4/3/2014 9:30:00,40.7356,-74.0085
4/3/2014 9:34:00,40.7573,-73.984
4/3/2014 9:35:00,40.743,-73.9922
4/3/2014 9:35:00,40.7402,-73.9922
4/3/2014 9:35:00,40.7496,-74.0046
4/3/2014 9:37:00,40.7458,-73.9881
4/3/2014 9:37:00,40.7531,-73.9837
4/3/2014 9:41:00,40.7513,-74.0047
4/3/2014 9:44:00,40.7683,-73.8623
4/3/2014 9:45:00,40.7519,-73.9811
4/3/2014 9:45:00,40.7507,-73.9946
4/3/2014 9:46:00,40.695,-74.1782
4/3/2014 9:47:00,40.7752,-73.9636
4/3/2014 9:47:00,40.7838,-73.9481
4/3/2014 9:48:00,40.7253,-74.0036
4/3/2014 9:49:00,40.7658,-73.9806
4/3/2014 9:51:00,40.7332,-73.989
4/3/2014 9:53:00,40.7602,-73.9848
4/3/2014 9:53:00,40.7602,-73.9848
4/3/2014 9:53:00,40.7731,-74.0191
4/3/2014 9:54:00,40.7375,-74.0275
4/3/2014 9:54:00,40.7375,-74.0275
4/3/2014 9:56:00,40.7817,-73.9558
4/3/2014 9:56:00,40.7749,-73.9654
4/3/2014 9:57:00,40.7404,-73.9868
4/3/2014 9:58:00,40.7135,-74.0114
4/3/2014 10:02:00,40.7229,-74.0064
4/3/2014 10:02:00,40.7255,-74.0057
4/3/2014 10:03:00,40.7343,-73.9958
4/3/2014 10:06:00,40.7661,-73.9676
4/3/2014 10:06:00,40.774,-73.8726
4/3/2014 10:07:00,40.77,-73.9625
4/3/2014 10:11:00,40.7934,-73.9434
4/3/2014 10:11:00,40.7102,-74.0062
4/3/2014 10:12:00,40.7732,-73.8855
4/3/2014 10:12:00,40.7732,-73.8855
4/3/2014 10:14:00,40.759,-73.9681
4/3/2014 10:15:00,40.7612,-74.0011
4/3/2014 10:16:00,40.7561,-73.993
4/3/2014 10:17:00,40.7449,-73.9839
4/3/2014 10:22:00,40.7664,-73.9556
4/3/2014 10:24:00,40.8981,-73.9037
4/3/2014 10:24:00,40.7186,-74.0005
4/3/2014 10:24:00,40.8981,-73.9037
4/3/2014 10:25:00,40.7051,-74.0101
4/3/2014 10:26:00,40.7235,-74.0033
4/3/2014 10:26:00,40.774,-73.8726
4/3/2014 10:29:00,40.7645,-73.9688
4/3/2014 10:30:00,40.7679,-73.9532
4/3/2014 10:30:00,40.7277,-73.9875
4/3/2014 10:30:00,40.7575,-73.9795
4/3/2014 10:33:00,40.7527,-73.9674
4/3/2014 10:33:00,40.7194,-73.8129
4/3/2014 10:38:00,40.7193,-73.9991
4/3/2014 10:38:00,40.752,-73.9948
4/3/2014 10:40:00,40.7594,-73.9823
4/3/2014 10:40:00,40.7486,-74.0047
4/3/2014 10:41:00,40.7754,-73.9649
4/3/2014 10:42:00,40.7644,-73.9729
4/3/2014 10:43:00,40.7542,-73.9785
4/3/2014 10:43:00,40.7137,-74.0121
4/3/2014 10:44:00,40.7377,-74.0002
4/3/2014 10:46:00,40.741,-73.9903
4/3/2014 10:48:00,40.724,-74.0009
4/3/2014 10:51:00,40.741,-74.0442
4/3/2014 10:51:00,40.741,-74.0442
4/3/2014 10:54:00,40.7478,-74.0046
4/3/2014 10:55:00,40.7726,-73.9612
4/3/2014 10:59:00,40.7576,-73.9853
4/3/2014 10:59:00,40.7371,-74.0086
4/3/2014 11:00:00,40.7598,-73.9801
4/3/2014 11:00:00,40.7481,-73.9928
4/3/2014 11:00:00,40.7408,-73.9381
4/3/2014 11:05:00,40.7682,-73.957
4/3/2014 11:05:00,40.7766,-73.9623
4/3/2014 11:08:00,40.749,-73.9922
4/3/2014 11:09:00,40.8533,-73.9385
4/3/2014 11:10:00,40.7419,-73.9852
4/3/2014 11:10:00,40.7488,-73.9858
4/3/2014 11:11:00,40.7221,-74.009
4/3/2014 11:12:00,40.7719,-73.959
4/3/2014 11:13:00,40.7168,-73.9894
4/3/2014 11:15:00,40.7274,-74.0057
4/3/2014 11:17:00,40.7376,-74.0015
4/3/2014 11:17:00,40.7409,-74.0072
4/3/2014 11:18:00,40.7403,-73.996
4/3/2014 11:18:00,40.8031,-73.9528
4/3/2014 11:18:00,40.8031,-73.9528
4/3/2014 11:19:00,40.7878,-73.9739
4/3/2014 11:19:00,40.7559,-73.984
4/3/2014 11:21:00,40.7419,-74.0046
4/3/2014 11:21:00,40.766,-73.9689
4/3/2014 11:22:00,40.7661,-73.9694
4/3/2014 11:23:00,40.7601,-73.9915
4/3/2014 11:26:00,40.6468,-73.7891
4/3/2014 11:26:00,40.809,-73.9519
4/3/2014 11:29:00,40.7738,-73.8751
4/3/2014 11:30:00,40.7565,-73.9841
4/3/2014 11:32:00,40.7516,-73.9938
4/3/2014 11:34:00,40.7642,-73.971
4/3/2014 11:35:00,40.7148,-73.9914
4/3/2014 11:36:00,40.7404,-73.9963
4/3/2014 11:37:00,40.7676,-73.9823
4/3/2014 11:39:00,40.7388,-73.9898
4/3/2014 11:39:00,40.688,-74.1829
4/3/2014 11:44:00,40.7591,-73.9766
4/3/2014 11:46:00,40.7354,-73.9827
4/3/2014 11:47:00,40.751,-73.9826
4/3/2014 11:50:00,40.7485,-74.0057
4/3/2014 11:50:00,40.7324,-73.993
4/3/2014 11:51:00,40.749,-73.9736
4/3/2014 11:52:00,40.7546,-73.9721
4/3/2014 11:52:00,40.7605,-73.9839
4/3/2014 11:53:00,40.7599,-73.9723
4/3/2014 11:53:00,40.7587,-73.9861
4/3/2014 11:55:00,40.7821,-73.9559
4/3/2014 11:55:00,40.7821,-73.9559
4/3/2014 11:56:00,40.7687,-73.8629
4/3/2014 11:58:00,40.7277,-73.9912
4/3/2014 11:59:00,40.7215,-74.0109
4/3/2014 11:59:00,40.7616,-73.9692
4/3/2014 12:01:00,40.726,-73.9918
4/3/2014 12:01:00,40.7414,-74.0051
4/3/2014 12:02:00,40.7173,-74.0081
4/3/2014 12:05:00,40.6924,-73.9216
4/3/2014 12:06:00,40.7733,-73.9548
4/3/2014 12:10:00,40.7894,-73.971
4/3/2014 12:10:00,40.7175,-74.0054
4/3/2014 12:11:00,40.7696,-73.9691
4/3/2014 12:12:00,40.6881,-73.934
4/3/2014 12:12:00,40.7264,-74.0003
4/3/2014 12:13:00,40.7607,-73.9579
4/3/2014 12:14:00,40.7589,-73.9704
4/3/2014 12:14:00,40.7549,-73.994
4/3/2014 12:15:00,40.7215,-73.9979
4/3/2014 12:16:00,40.7549,-73.975
4/3/2014 12:17:00,40.753,-73.9791
4/3/2014 12:18:00,40.7562,-73.9705
4/3/2014 12:21:00,40.7683,-73.8624
4/3/2014 12:23:00,40.7493,-73.9924
4/3/2014 12:23:00,40.7598,-73.9787
4/3/2014 12:27:00,40.7487,-73.9904
4/3/2014 12:28:00,40.7652,-73.9951
4/3/2014 12:28:00,40.7627,-73.9693
4/3/2014 12:28:00,40.7569,-73.9989
4/3/2014 12:31:00,40.7772,-73.9621
4/3/2014 12:34:00,40.7067,-74.0062
4/3/2014 12:35:00,40.7661,-73.9557
4/3/2014 12:37:00,40.7656,-73.9546
4/3/2014 12:37:00,40.7567,-73.9788
4/3/2014 12:38:00,40.7476,-73.9748
4/3/2014 12:39:00,40.7684,-73.9629
4/3/2014 12:39:00,40.7338,-74.0011
4/3/2014 12:40:00,40.7404,-74.0056
4/3/2014 12:41:00,40.7025,-73.9889
4/3/2014 12:42:00,40.6951,-74.1775
4/3/2014 12:42:00,40.6951,-74.1775
4/3/2014 12:43:00,40.7528,-74.0065
4/3/2014 12:43:00,40.7686,-73.962
4/3/2014 12:45:00,40.774,-73.8717
4/3/2014 12:46:00,40.7033,-74.0118
4/3/2014 12:47:00,40.709,-73.9609
4/3/2014 12:47:00,40.7192,-74.0022
4/3/2014 12:48:00,40.7525,-73.9847
4/3/2014 12:48:00,40.7581,-73.9837
4/3/2014 12:48:00,40.6692,-73.973
4/3/2014 12:48:00,40.7311,-74.0089
4/3/2014 12:50:00,40.7336,-73.9976
4/3/2014 12:50:00,40.7563,-73.9891
4/3/2014 12:51:00,40.7613,-73.9832
4/3/2014 12:51:00,40.7047,-74.0081
4/3/2014 12:52:00,40.7407,-73.8787
4/3/2014 12:52:00,40.767,-73.9838
4/3/2014 12:55:00,40.7447,-73.9915
4/3/2014 12:56:00,40.666,-73.7791
4/3/2014 12:59:00,40.7451,-73.9827
4/3/2014 13:00:00,40.6485,-73.7834
4/3/2014 13:04:00,40.7271,-74.0345
4/3/2014 13:04:00,40.7271,-74.0345
4/3/2014 13:04:00,40.7794,-73.9774
4/3/2014 13:05:00,40.7097,-74.0139
4/3/2014 13:05:00,40.7741,-73.8726
4/3/2014 13:05:00,40.7118,-74.0055
4/3/2014 13:06:00,40.7585,-73.9729
4/3/2014 13:07:00,40.7613,-73.9689
4/3/2014 13:07:00,40.7334,-74.0444
4/3/2014 13:07:00,40.7134,-74.008
4/3/2014 13:08:00,40.7222,-73.9985
4/3/2014 13:11:00,40.7822,-73.9817
4/3/2014 13:13:00,40.7208,-74.0104
4/3/2014 13:14:00,40.7453,-73.9888
4/3/2014 13:14:00,40.7342,-73.9909
4/3/2014 13:17:00,40.7237,-74.0053
4/3/2014 13:21:00,40.7768,-73.9472
4/3/2014 13:21:00,40.7731,-73.8856
4/3/2014 13:22:00,40.7596,-73.9763
4/3/2014 13:22:00,40.736,-73.9912
4/3/2014 13:24:00,40.6815,-73.9224
4/3/2014 13:25:00,40.7581,-73.9892
4/3/2014 13:27:00,40.7365,-73.9928
4/3/2014 13:27:00,40.7741,-73.961
4/3/2014 13:28:00,40.7556,-73.9873
4/3/2014 13:29:00,40.7984,-74.0663
4/3/2014 13:29:00,40.7535,-73.9903
4/3/2014 13:30:00,40.7466,-73.9975
4/3/2014 13:30:00,40.8187,-73.9576
4/3/2014 13:31:00,40.6779,-74.0122
4/3/2014 13:31:00,40.746,-74.0001
4/3/2014 13:32:00,40.7739,-73.9638
4/3/2014 13:32:00,40.7191,-74.0064
4/3/2014 13:33:00,40.777,-73.9777
4/3/2014 13:33:00,40.7619,-73.9671
4/3/2014 13:34:00,40.7658,-73.9866
4/3/2014 13:34:00,40.7846,-73.981
4/3/2014 13:34:00,40.7712,-73.8669
4/3/2014 13:35:00,40.7863,-73.9776
4/3/2014 13:36:00,40.7172,-74.0092
4/3/2014 13:36:00,40.7664,-73.9834
4/3/2014 13:37:00,40.7389,-73.9943
4/3/2014 13:38:00,40.7729,-73.96
4/3/2014 13:38:00,40.7654,-73.9625
4/3/2014 13:39:00,40.7331,-73.9928
4/3/2014 13:39:00,40.7381,-74.0093
4/3/2014 13:39:00,40.722,-74.0043
4/3/2014 13:41:00,40.7243,-74.0012
4/3/2014 13:41:00,40.7189,-73.989
4/3/2014 13:42:00,40.7256,-73.9951
4/3/2014 13:42:00,40.792,-73.9772
4/3/2014 13:43:00,40.7521,-73.9853
4/3/2014 13:44:00,40.7402,-74.0058
4/3/2014 13:45:00,40.7257,-73.9901
4/3/2014 13:45:00,40.7544,-73.9839
4/3/2014 13:48:00,40.7518,-74.0002
4/3/2014 13:50:00,40.7201,-74.0104
4/3/2014 13:52:00,40.7447,-73.972
4/3/2014 13:52:00,40.7568,-73.9774
4/3/2014 13:53:00,40.7461,-73.9961
4/3/2014 13:55:00,40.7243,-73.9925
4/3/2014 13:56:00,40.6936,-73.9873
4/3/2014 13:57:00,40.7458,-74.0371
4/3/2014 13:57:00,40.7459,-74.0052
4/3/2014 14:03:00,40.7502,-74.0024
4/3/2014 14:04:00,40.7416,-73.9918
4/3/2014 14:04:00,40.6895,-73.9693
4/3/2014 14:05:00,40.7551,-74
4/3/2014 14:07:00,40.7581,-73.9817
4/3/2014 14:07:00,40.7348,-73.9998
4/3/2014 14:07:00,40.7587,-73.9737
4/3/2014 14:07:00,40.7309,-73.9912
4/3/2014 14:09:00,40.7844,-73.9574
4/3/2014 14:12:00,40.7896,-73.9662
4/3/2014 14:12:00,40.7545,-73.971
4/3/2014 14:13:00,40.7731,-73.9663
4/3/2014 14:13:00,40.7256,-74.0009
4/3/2014 14:14:00,40.7794,-73.9492
4/3/2014 14:14:00,40.7835,-74.0039
4/3/2014 14:14:00,40.7541,-73.7563
4/3/2014 14:15:00,40.7138,-74.0146
4/3/2014 14:16:00,40.7384,-73.9918
4/3/2014 14:18:00,40.7513,-74.005
4/3/2014 14:18:00,40.7395,-73.994
4/3/2014 14:20:00,40.7864,-73.9686
4/3/2014 14:21:00,40.7686,-73.8626
4/3/2014 14:24:00,40.7207,-73.9623
4/3/2014 14:24:00,40.7504,-73.8487
4/3/2014 14:26:00,40.7189,-74.0012
4/3/2014 14:26:00,40.7522,-73.9681
4/3/2014 14:27:00,40.7121,-74.0387
4/3/2014 14:27:00,40.7121,-74.0387
4/3/2014 14:30:00,40.6926,-73.991
4/3/2014 14:30:00,40.7746,-73.964
4/3/2014 14:30:00,40.7565,-73.9743
4/3/2014 14:31:00,40.7511,-73.9742
4/3/2014 14:32:00,40.769,-73.9632
4/3/2014 14:32:00,40.6835,-73.9818
4/3/2014 14:33:00,40.7293,-73.9913
4/3/2014 14:37:00,40.7446,-74.0024
4/3/2014 14:38:00,40.7644,-73.9634
4/3/2014 14:40:00,40.7326,-73.9954
4/3/2014 14:41:00,40.7141,-73.9901
4/3/2014 14:41:00,40.7054,-74.0171
4/3/2014 14:43:00,40.7166,-74.0146
4/3/2014 14:43:00,40.7311,-74.0085
4/3/2014 14:45:00,40.7761,-73.9613
4/3/2014 14:47:00,40.771,-73.8659
4/3/2014 14:47:00,40.688,-74.1829
4/3/2014 14:48:00,40.7839,-73.9587
4/3/2014 14:48:00,40.7485,-73.9909
4/3/2014 14:48:00,40.7628,-73.9799
4/3/2014 14:50:00,40.7501,-74.0025
4/3/2014 14:51:00,40.749,-73.9924
4/3/2014 14:51:00,40.7576,-73.8742
4/3/2014 14:51:00,40.7523,-73.9769
4/3/2014 14:53:00,40.7747,-73.9911
4/3/2014 14:54:00,40.7847,-73.954
4/3/2014 14:57:00,40.7648,-73.9798
4/3/2014 14:57:00,40.7706,-73.9911
4/3/2014 14:57:00,40.7496,-73.9953
4/3/2014 14:57:00,40.7771,-73.9521
4/3/2014 14:58:00,40.755,-73.9717
4/3/2014 14:59:00,40.73,-74.0069
4/3/2014 15:01:00,40.7404,-74.0053
4/3/2014 15:03:00,40.7638,-73.9798
4/3/2014 15:04:00,40.7603,-73.9877
4/3/2014 15:04:00,40.763,-73.9817
4/3/2014 15:05:00,40.8152,-74.359
4/3/2014 15:05:00,40.7237,-73.9981
4/3/2014 15:05:00,40.7592,-73.9696
4/3/2014 15:06:00,40.7862,-73.9527
4/3/2014 15:06:00,40.7862,-73.9527
4/3/2014 15:06:00,40.7843,-73.9551
4/3/2014 15:06:00,40.7625,-73.971
4/3/2014 15:06:00,40.6879,-74.1827
4/3/2014 15:11:00,40.7421,-73.989
4/3/2014 15:11:00,40.7619,-73.9753
4/3/2014 15:12:00,40.7561,-73.9911
4/3/2014 15:13:00,40.7063,-74.0179
4/3/2014 15:13:00,40.755,-73.975
4/3/2014 15:13:00,40.7442,-73.9842
4/3/2014 15:15:00,40.7513,-73.9797
4/3/2014 15:15:00,40.7713,-73.866
4/3/2014 15:15:00,40.7601,-73.9718
4/3/2014 15:15:00,40.7474,-73.9725
4/3/2014 15:16:00,40.7239,-73.998
4/3/2014 15:16:00,40.737,-74.0027
4/3/2014 15:16:00,40.7694,-73.9499
4/3/2014 15:16:00,40.7595,-73.9795
4/3/2014 15:17:00,40.7521,-73.9872
4/3/2014 15:20:00,40.7873,-74.043
4/3/2014 15:20:00,40.7821,-73.9717
4/3/2014 15:20:00,40.7527,-73.9738
4/3/2014 15:20:00,40.755,-73.9639
4/3/2014 15:20:00,40.755,-73.9639
4/3/2014 15:20:00,40.7437,-73.9891
4/3/2014 15:21:00,40.7643,-73.9714
4/3/2014 15:21:00,40.7732,-73.8856
4/3/2014 15:21:00,40.688,-74.1828
4/3/2014 15:23:00,40.6432,-73.7897
4/3/2014 15:24:00,40.7581,-73.9775
4/3/2014 15:26:00,40.6753,-73.9733
4/3/2014 15:26:00,40.7189,-74.0001
4/3/2014 15:26:00,40.7126,-74.0337
4/3/2014 15:26:00,40.754,-73.9798
4/3/2014 15:27:00,40.7802,-73.9591
4/3/2014 15:27:00,40.7802,-73.9591
4/3/2014 15:29:00,40.7591,-73.9824
4/3/2014 15:30:00,40.754,-73.9887
4/3/2014 15:31:00,40.7566,-73.9769
4/3/2014 15:31:00,40.7415,-74.0066
4/3/2014 15:33:00,40.7361,-73.9857
4/3/2014 15:33:00,40.7535,-73.9788
4/3/2014 15:34:00,40.7512,-73.9769
4/3/2014 15:34:00,40.7481,-74.0051
4/3/2014 15:35:00,40.7402,-73.9864
4/3/2014 15:35:00,40.7412,-74.0074
4/3/2014 15:35:00,40.7556,-73.9792
4/3/2014 15:35:00,40.7588,-73.9749
4/3/2014 15:36:00,40.7255,-73.9966
4/3/2014 15:36:00,40.7407,-73.9942
4/3/2014 15:36:00,40.7534,-73.9726
4/3/2014 15:37:00,40.6878,-74.1821
4/3/2014 15:37:00,40.7404,-73.9922
4/3/2014 15:38:00,40.7449,-73.9758
4/3/2014 15:38:00,40.7654,-73.9818
4/3/2014 15:39:00,40.7453,-73.9768
4/3/2014 15:39:00,40.7589,-73.843
4/3/2014 15:39:00,40.7264,-74.0058
4/3/2014 15:40:00,40.7601,-73.9744
4/3/2014 15:40:00,40.7481,-73.9704
4/3/2014 15:41:00,40.7604,-73.974
4/3/2014 15:42:00,40.7555,-73.9748
4/3/2014 15:43:00,40.73,-74.0083
4/3/2014 15:44:00,40.726,-74.0075
4/3/2014 15:44:00,40.7447,-73.9914
4/3/2014 15:44:00,40.7658,-73.9612
4/3/2014 15:46:00,40.7154,-73.9781
4/3/2014 15:46:00,40.7542,-73.9843
4/3/2014 15:46:00,40.7674,-73.9681
4/3/2014 15:47:00,40.7535,-73.9788
4/3/2014 15:47:00,40.7535,-73.9788
4/3/2014 15:48:00,40.7708,-73.8656
4/3/2014 15:48:00,40.748,-74.008
4/3/2014 15:49:00,40.7404,-74.002
4/3/2014 15:50:00,40.7628,-73.9719
4/3/2014 15:54:00,40.7418,-73.9854
4/3/2014 15:54:00,40.7279,-74.0073
4/3/2014 15:54:00,40.7457,-73.9944
4/3/2014 15:56:00,40.7306,-74.0069
4/3/2014 15:56:00,40.7136,-74.0116
4/3/2014 15:56:00,40.7261,-73.9962
4/3/2014 15:57:00,40.7339,-74.0072
4/3/2014 15:57:00,40.7466,-74.0073
4/3/2014 15:59:00,40.7621,-73.9734
4/3/2014 15:59:00,40.7727,-73.8857
4/3/2014 15:59:00,40.7288,-73.9804
4/3/2014 15:59:00,40.7516,-74.0057
4/4/2014 8:01:00,40.7305,-73.9923
4/4/2014 8:02:00,40.7588,-73.9748
4/4/2014 8:02:00,40.7218,-73.9955
4/4/2014 8:02:00,40.779,-73.9559
4/4/2014 8:03:00,40.7811,-73.9777
4/4/2014 8:03:00,40.7556,-73.9741
4/4/2014 8:07:00,40.7746,-73.9614
4/4/2014 8:07:00,40.7475,-74.0058
4/4/2014 8:07:00,40.7788,-73.948
4/4/2014 8:08:00,40.7457,-73.972
4/4/2014 8:08:00,40.7248,-74.0006
4/4/2014 8:09:00,40.7439,-73.9935
4/4/2014 8:09:00,40.7657,-73.972
4/4/2014 8:10:00,40.7696,-73.965
4/4/2014 8:11:00,40.7192,-73.9907
4/4/2014 8:12:00,40.7281,-73.982
4/4/2014 8:12:00,40.7752,-73.9634
4/4/2014 8:13:00,40.7803,-73.9858
4/4/2014 8:15:00,40.7593,-73.9857
4/4/2014 8:17:00,40.7304,-74.0097
4/4/2014 8:18:00,40.7504,-73.9969
4/4/2014 8:18:00,40.7353,-73.9961
4/4/2014 8:19:00,40.7664,-73.9685
4/4/2014 8:19:00,40.7127,-73.998
4/4/2014 8:19:00,40.758,-73.9837
4/4/2014 8:20:00,40.7735,-73.9473
4/4/2014 8:20:00,40.7511,-73.9849
4/4/2014 8:20:00,40.7187,-73.9892
4/4/2014 8:21:00,40.7177,-74.0475
4/4/2014 8:21:00,40.7177,-74.0475
4/4/2014 8:22:00,40.7634,-73.9787
4/4/2014 8:22:00,40.7634,-73.9787
4/4/2014 8:24:00,40.707,-74.0162
4/4/2014 8:26:00,40.7555,-73.9818
4/4/2014 8:26:00,40.7204,-73.9965
4/4/2014 8:27:00,40.7089,-73.9425
4/4/2014 8:27:00,40.7837,-73.982
4/4/2014 8:27:00,40.8046,-73.9373
4/4/2014 8:30:00,40.7241,-73.9961
4/4/2014 8:30:00,40.7238,-74.0004
4/4/2014 8:38:00,40.7368,-73.9888
4/4/2014 8:39:00,40.7483,-74.0056
4/4/2014 8:39:00,40.713,-74.0097
4/4/2014 8:39:00,40.7589,-73.9941
4/4/2014 8:39:00,40.7378,-73.981
4/4/2014 8:40:00,40.7785,-73.9861
4/4/2014 8:40:00,40.7595,-73.9693
4/4/2014 8:41:00,40.7723,-73.9601
4/4/2014 8:41:00,40.7146,-73.9374
4/4/2014 8:42:00,40.7484,-74.0017
4/4/2014 8:43:00,40.7831,-73.9782
4/4/2014 8:43:00,40.7687,-73.9578
4/4/2014 8:44:00,40.7202,-73.9843
4/4/2014 8:46:00,40.728,-73.983
4/4/2014 8:48:00,40.7273,-73.9862
4/4/2014 8:49:00,40.718,-74.0058
4/4/2014 8:49:00,40.7838,-73.9719
4/4/2014 8:49:00,40.689,-73.968
4/4/2014 8:50:00,40.742,-73.9849
4/4/2014 8:50:00,40.7588,-73.9814
4/4/2014 8:50:00,40.7449,-73.98
4/4/2014 8:51:00,40.7455,-73.9938
4/4/2014 8:55:00,40.7826,-73.9554
4/4/2014 8:56:00,40.7891,-73.9759
4/4/2014 8:56:00,40.7464,-73.9839
4/4/2014 8:57:00,40.623,-74.0342
4/4/2014 8:58:00,40.7472,-73.9933
4/4/2014 9:00:00,40.7643,-73.9788
4/4/2014 9:00:00,40.7603,-73.9599
4/4/2014 9:03:00,40.7649,-73.9717
4/4/2014 9:03:00,40.6952,-73.9644
4/4/2014 9:08:00,40.7711,-73.8661
4/4/2014 9:11:00,40.71,-73.9682
4/4/2014 9:11:00,40.7793,-73.9834
4/4/2014 9:12:00,40.7435,-73.9961
4/4/2014 9:12:00,40.745,-73.9893
4/4/2014 9:15:00,40.7486,-73.9771
4/4/2014 9:17:00,40.7364,-73.9971
4/4/2014 9:17:00,40.7369,-73.9888
4/4/2014 9:17:00,40.7753,-73.9904
4/4/2014 9:18:00,40.7408,-73.9918
4/4/2014 9:18:00,40.7665,-73.9914
4/4/2014 9:21:00,40.7163,-73.9948
4/4/2014 9:21:00,40.7198,-74.0004
4/4/2014 9:23:00,40.7567,-73.9852
4/4/2014 9:23:00,40.733,-73.975
4/4/2014 9:24:00,40.6878,-74.1814
4/4/2014 9:24:00,40.8053,-73.9954
4/4/2014 9:24:00,40.7739,-73.9596
4/4/2014 9:25:00,40.7638,-73.9691
4/4/2014 9:26:00,40.7781,-73.9619
4/4/2014 9:27:00,40.7084,-74.0067
4/4/2014 9:27:00,40.7603,-74.0027
4/4/2014 9:27:00,40.7364,-74.0071
4/4/2014 9:28:00,40.7598,-73.9786
4/4/2014 9:28:00,40.7238,-74.0109
4/4/2014 9:32:00,40.759,-73.9852
4/4/2014 9:33:00,40.6878,-74.1817
4/4/2014 9:34:00,40.7578,-73.9697
4/4/2014 9:35:00,40.7679,-73.968
4/4/2014 9:36:00,40.7406,-74.0357
4/4/2014 9:36:00,40.7406,-74.0357
4/4/2014 9:37:00,40.7394,-74.0278
4/4/2014 9:37:00,40.7394,-74.0278
4/4/2014 9:40:00,40.7729,-73.9542
4/4/2014 9:44:00,40.7879,-73.9748
4/4/2014 9:44:00,40.7614,-73.973
4/4/2014 9:46:00,40.741,-73.9857
4/4/2014 9:47:00,40.7754,-73.9461
4/4/2014 9:47:00,40.6769,-73.9561
4/4/2014 9:48:00,40.7458,-73.9779
4/4/2014 9:49:00,40.7732,-73.9548
4/4/2014 9:50:00,40.7967,-73.9331
4/4/2014 9:51:00,40.7759,-73.961
4/4/2014 9:51:00,40.7693,-73.9616
4/4/2014 9:52:00,40.7049,-74.016
4/4/2014 9:53:00,40.7418,-73.9849
4/4/2014 9:54:00,40.7375,-74.0056
4/4/2014 9:54:00,40.7433,-74.0282
4/4/2014 9:54:00,40.7433,-74.0282
4/4/2014 9:54:00,40.7285,-74.1751
4/4/2014 9:54:00,40.7236,-74.0062
4/4/2014 9:55:00,40.7607,-73.9707
4/4/2014 9:56:00,40.7778,-73.9758
4/4/2014 9:57:00,40.756,-73.9724
4/4/2014 9:57:00,40.7558,-73.9944
4/4/2014 9:58:00,40.7524,-73.9919
4/4/2014 9:59:00,40.7213,-74.0015
4/4/2014 10:00:00,40.7449,-73.989
4/4/2014 10:04:00,40.7467,-73.9795
4/4/2014 10:04:00,40.7563,-73.9822
4/4/2014 10:05:00,40.7286,-73.9985
4/4/2014 10:06:00,40.6666,-73.9393
4/4/2014 10:10:00,40.7436,-73.982
4/4/2014 10:10:00,40.7204,-73.8432
4/4/2014 10:12:00,40.7739,-73.8726
4/4/2014 10:13:00,40.7634,-73.9755
4/4/2014 10:14:00,40.7507,-73.9874
4/4/2014 10:17:00,40.7665,-73.9783
4/4/2014 10:17:00,40.7332,-73.9798
4/4/2014 10:17:00,40.7838,-73.9503
4/4/2014 10:18:00,40.8791,-73.9051
4/4/2014 10:20:00,40.7627,-73.9741
4/4/2014 10:20:00,40.7501,-73.995
4/4/2014 10:20:00,40.7523,-73.9733
4/4/2014 10:23:00,40.7702,-73.9666
4/4/2014 10:23:00,40.7298,-73.9969
4/4/2014 10:26:00,40.7576,-73.9757
4/4/2014 10:29:00,40.7619,-73.9655
4/4/2014 10:29:00,40.7686,-73.9499
4/4/2014 10:30:00,40.7688,-73.9656
4/4/2014 10:32:00,40.7459,-73.9724
4/4/2014 10:32:00,40.7886,-73.9797
4/4/2014 10:32:00,40.7556,-73.9749
4/4/2014 10:33:00,40.7367,-73.9889
4/4/2014 10:35:00,40.7695,-73.9962
4/4/2014 10:35:00,40.7828,-73.9835
4/4/2014 10:37:00,40.7493,-73.9919
4/4/2014 10:39:00,40.7773,-74.0109
4/4/2014 10:39:00,40.7554,-73.9874
4/4/2014 10:40:00,40.944,-73.8435
4/4/2014 10:40:00,40.7702,-73.9873
4/4/2014 10:41:00,40.7285,-74.0053
4/4/2014 10:45:00,40.7024,-73.9868
4/4/2014 10:46:00,40.7658,-73.9707
4/4/2014 10:46:00,40.722,-74.0079
4/4/2014 10:46:00,40.719,-74.0341
4/4/2014 10:46:00,40.719,-74.0341
4/4/2014 10:47:00,40.7614,-73.9831
4/4/2014 10:49:00,40.7999,-73.9604
4/4/2014 10:49:00,40.7548,-73.9736
4/4/2014 10:49:00,40.7999,-73.9604
4/4/2014 10:49:00,40.7512,-73.9829
4/4/2014 10:51:00,40.7634,-73.9563
4/4/2014 10:52:00,40.7968,-73.9704
4/4/2014 10:53:00,40.7748,-73.9912
4/4/2014 10:53:00,40.7771,-73.9777
4/4/2014 10:54:00,40.7766,-73.9627
4/4/2014 10:55:00,40.7526,-73.9783
4/4/2014 10:55:00,40.7377,-73.9928
4/4/2014 10:56:00,40.7791,-73.9556
4/4/2014 10:56:00,40.7686,-73.8626
4/4/2014 10:56:00,40.7595,-74.0225
4/4/2014 10:56:00,40.7595,-74.0225
4/4/2014 10:56:00,40.7214,-74.0018
4/4/2014 10:57:00,40.7165,-74.0166
4/4/2014 10:57:00,40.7097,-74.0049
4/4/2014 10:58:00,40.7256,-73.9938
4/4/2014 10:59:00,40.7525,-73.9816
4/4/2014 11:01:00,40.7395,-74.0041
4/4/2014 11:02:00,40.7699,-73.9588
4/4/2014 11:03:00,40.7421,-73.9793
4/4/2014 11:03:00,40.7628,-73.9702
4/4/2014 11:05:00,40.756,-73.9746
4/4/2014 11:06:00,40.7657,-73.972
4/4/2014 11:06:00,40.7133,-74.0045
4/4/2014 11:07:00,40.7589,-73.9747
4/4/2014 11:08:00,40.7318,-74.0033
4/4/2014 11:11:00,40.7078,-74.0089
4/4/2014 11:12:00,40.7635,-73.9696
4/4/2014 11:13:00,40.7497,-73.9818
4/4/2014 11:14:00,40.7053,-74.0134
4/4/2014 11:14:00,40.7596,-73.9699
4/4/2014 11:15:00,40.7394,-73.992
4/4/2014 11:19:00,40.7479,-73.9882
4/4/2014 11:19:00,40.7275,-73.9923
4/4/2014 11:22:00,40.6854,-73.9252
4/4/2014 11:22:00,40.7217,-74.0097
4/4/2014 11:24:00,40.7635,-73.9773
4/4/2014 11:25:00,40.7728,-73.9642
4/4/2014 11:25:00,40.751,-73.9841
4/4/2014 11:27:00,40.7616,-73.9843
4/4/2014 11:31:00,40.7161,-74.0131
4/4/2014 11:32:00,40.7442,-73.9938
4/4/2014 11:33:00,40.7256,-73.9966
4/4/2014 11:33:00,40.7689,-73.9823
4/4/2014 11:34:00,40.7613,-73.973
4/4/2014 11:34:00,40.7459,-73.9878
4/4/2014 11:35:00,40.7619,-73.9792
4/4/2014 11:38:00,40.7418,-73.9923
4/4/2014 11:38:00,40.7707,-73.9642
4/4/2014 11:39:00,40.7751,-73.9632
4/4/2014 11:39:00,40.7252,-73.9932
4/4/2014 11:39:00,40.76,-73.9719
4/4/2014 11:40:00,40.7513,-73.9934
4/4/2014 11:40:00,40.7194,-73.9983
4/4/2014 11:40:00,40.7577,-73.9888
4/4/2014 11:41:00,40.7738,-73.9457
4/4/2014 11:42:00,40.7217,-73.9581
4/4/2014 11:42:00,40.7217,-73.9581
4/4/2014 11:42:00,40.7591,-73.9942
4/4/2014 11:42:00,40.751,-73.9912
4/4/2014 11:43:00,40.7413,-73.9844
4/4/2014 11:44:00,40.763,-73.9661
4/4/2014 11:46:00,40.7569,-73.9791
4/4/2014 11:51:00,40.7723,-73.9641
4/4/2014 11:51:00,40.7737,-73.9594
4/4/2014 11:53:00,40.6947,-74.1773
4/4/2014 11:53:00,40.6947,-74.1773
4/4/2014 11:54:00,40.7437,-73.9838
4/4/2014 11:56:00,40.6834,-73.9899
4/4/2014 11:56:00,40.7695,-73.988
4/4/2014 11:56:00,40.7472,-73.9855
4/4/2014 11:58:00,40.761,-73.972
4/4/2014 11:58:00,40.7282,-73.9819
4/4/2014 11:59:00,40.769,-73.926
4/4/2014 11:59:00,40.7283,-73.982
4/4/2014 12:00:00,40.7367,-74.035
4/4/2014 12:00:00,40.7367,-74.035
4/4/2014 12:01:00,40.7572,-73.9774
4/4/2014 12:02:00,40.7463,-73.993
4/4/2014 12:03:00,40.75,-73.9793
4/4/2014 12:05:00,40.7929,-73.9198
4/4/2014 12:05:00,40.7037,-73.9859
4/4/2014 12:07:00,40.7751,-73.9639
4/4/2014 12:10:00,40.7648,-73.9568
4/4/2014 12:12:00,40.7744,-73.9794
4/4/2014 12:12:00,40.7657,-73.996
4/4/2014 12:13:00,40.7328,-73.9815
4/4/2014 12:13:00,40.7138,-73.9576
4/4/2014 12:15:00,40.7578,-73.977
4/4/2014 12:15:00,40.7063,-74.0093
4/4/2014 12:17:00,40.6922,-73.9855
4/4/2014 12:19:00,40.7279,-73.991
4/4/2014 12:20:00,40.7266,-74.0002
4/4/2014 12:20:00,40.7823,-73.9807
4/4/2014 12:20:00,40.7398,-73.9926
4/4/2014 12:21:00,40.7606,-73.9746
4/4/2014 12:29:00,40.754,-73.9862
4/4/2014 12:29:00,40.7425,-73.985
4/4/2014 12:30:00,40.7422,-73.9532
4/4/2014 12:32:00,40.7596,-73.9796
4/4/2014 12:33:00,40.7644,-73.979
4/4/2014 12:34:00,40.748,-73.9769
4/4/2014 12:34:00,40.7614,-73.9669
4/4/2014 12:35:00,40.7336,-74.0036
4/4/2014 12:35:00,40.7203,-73.9894
4/4/2014 12:36:00,40.7617,-73.9651
4/4/2014 12:37:00,40.7767,-73.9608
4/4/2014 12:38:00,40.765,-73.9755
4/4/2014 12:40:00,40.7421,-73.9998
4/4/2014 12:40:00,40.6268,-73.9355
4/4/2014 12:40:00,40.7729,-73.9598
4/4/2014 12:40:00,40.7667,-73.9691
4/4/2014 12:41:00,40.7742,-73.9811
4/4/2014 12:42:00,40.7568,-73.9747
4/4/2014 12:42:00,40.756,-73.9794
4/4/2014 12:42:00,40.7537,-73.9703
4/4/2014 12:43:00,40.7742,-73.9628
4/4/2014 12:45:00,40.7435,-73.9997
4/4/2014 12:46:00,40.7658,-73.9785
4/4/2014 12:47:00,40.7389,-74.1689
4/4/2014 12:48:00,40.7434,-73.9725
4/4/2014 12:50:00,40.7585,-73.9634
4/4/2014 12:51:00,40.7598,-73.9875
4/4/2014 12:52:00,40.7408,-74.0077
4/4/2014 12:53:00,40.7408,-73.986
4/4/2014 12:53:00,40.7741,-73.8723
4/4/2014 12:53:00,40.7241,-73.9962
4/4/2014 12:54:00,40.7469,-73.9815
4/4/2014 12:55:00,40.744,-73.9915
4/4/2014 12:56:00,40.7606,-73.9798
4/4/2014 12:56:00,40.7561,-73.9819
4/4/2014 12:58:00,40.7237,-73.9966
4/4/2014 12:58:00,40.7628,-73.982
4/4/2014 13:00:00,40.7544,-74.0005
4/4/2014 13:01:00,40.8074,-73.9668
4/4/2014 13:01:00,40.7556,-73.9733
4/4/2014 13:02:00,40.7672,-73.9643
4/4/2014 13:05:00,40.769,-73.9827
4/4/2014 13:05:00,40.7817,-73.9514
4/4/2014 13:07:00,40.7557,-73.9835
4/4/2014 13:08:00,40.7793,-73.962
4/4/2014 13:08:00,40.673,-73.9942
4/4/2014 13:09:00,40.7562,-73.9873
4/4/2014 13:09:00,40.7332,-73.9963
4/4/2014 13:13:00,40.7506,-73.9393
4/4/2014 13:14:00,40.6913,-74.1869
4/4/2014 13:17:00,40.5277,-74.3991
4/4/2014 13:17:00,40.7253,-74.0034
4/4/2014 13:17:00,40.7185,-73.9863
4/4/2014 13:17:00,40.7774,-73.9634
4/4/2014 13:18:00,40.7078,-73.6618
4/4/2014 13:19:00,40.7071,-74.0119
4/4/2014 13:19:00,40.7222,-74.0044
4/4/2014 13:20:00,40.7126,-74.0399
4/4/2014 13:20:00,40.7126,-74.0399
4/4/2014 13:23:00,40.7251,-74.0015
4/4/2014 13:24:00,40.9181,-74.0744
4/4/2014 13:24:00,40.7498,-73.9878
4/4/2014 13:24:00,40.7196,-74.0102
4/4/2014 13:25:00,40.7271,-74.0071
4/4/2014 13:26:00,40.7543,-73.977
4/4/2014 13:26:00,40.7894,-73.9768
4/4/2014 13:26:00,40.7713,-73.9603
4/4/2014 13:26:00,40.9002,-73.9385
4/4/2014 13:27:00,40.7669,-73.9677
4/4/2014 13:27:00,40.7707,-73.9591
4/4/2014 13:27:00,40.751,-73.9829
4/4/2014 13:28:00,40.7686,-73.8626
4/4/2014 13:29:00,40.7227,-73.994
4/4/2014 13:29:00,40.6929,-73.9863
4/4/2014 13:29:00,40.7587,-73.9785
4/4/2014 13:30:00,40.7397,-73.9927
4/4/2014 13:31:00,40.7807,-73.984
4/4/2014 13:31:00,40.6273,-73.9686
4/4/2014 13:31:00,40.7682,-73.9607
4/4/2014 13:32:00,40.69,-73.9452
4/4/2014 13:33:00,40.7658,-73.9867
4/4/2014 13:34:00,40.7606,-73.991
4/4/2014 13:35:00,40.7049,-74.0118
4/4/2014 13:36:00,40.7591,-73.9687
4/4/2014 13:36:00,40.6937,-73.9837
4/4/2014 13:37:00,40.7411,-74.0021
4/4/2014 13:38:00,40.7546,-73.9797
4/4/2014 13:42:00,40.7685,-73.8625
4/4/2014 13:42:00,40.7756,-73.9607
4/4/2014 13:43:00,40.7315,-73.9352
4/4/2014 13:43:00,40.7556,-73.9836
4/4/2014 13:43:00,40.7669,-73.9844
4/4/2014 13:43:00,40.7441,-73.9742
4/4/2014 13:43:00,40.7833,-73.9506
4/4/2014 13:44:00,40.7753,-73.9627
4/4/2014 13:46:00,40.734,-74.1607
4/4/2014 13:46:00,40.7712,-73.866
4/4/2014 13:46:00,40.7376,-74.009
4/4/2014 13:46:00,40.7241,-73.9981
4/4/2014 13:46:00,40.7871,-73.9543
4/4/2014 13:47:00,40.77,-73.9544
4/4/2014 13:48:00,40.7161,-74.007
4/4/2014 13:50:00,40.7869,-73.9682
4/4/2014 13:51:00,40.7212,-73.9876
4/4/2014 13:52:00,40.6697,-73.9792
4/4/2014 13:53:00,40.7591,-73.9766
4/4/2014 13:54:00,40.6905,-74.1783
4/4/2014 13:54:00,40.7473,-73.9891
4/4/2014 13:55:00,40.725,-74.0031
4/4/2014 13:55:00,40.7319,-74.0007
4/4/2014 13:55:00,40.774,-73.8723
4/4/2014 13:56:00,40.7128,-74.0075
4/4/2014 13:57:00,40.7603,-73.9736
4/4/2014 13:57:00,40.7513,-73.9876
4/4/2014 13:57:00,40.725,-73.9969
4/4/2014 13:58:00,40.7635,-73.9734
4/4/2014 14:00:00,40.7218,-73.9998
4/4/2014 14:00:00,40.7441,-73.9879
4/4/2014 14:00:00,40.7488,-74.0021
4/4/2014 14:01:00,40.7165,-74.0357
4/4/2014 14:01:00,40.7165,-74.0357
4/4/2014 14:01:00,40.7577,-73.973
4/4/2014 14:01:00,40.5533,-74.2999
4/4/2014 14:02:00,40.731,-74.1684
4/4/2014 14:03:00,40.7503,-74.0025
4/4/2014 14:03:00,40.7663,-73.9525
4/4/2014 14:03:00,40.7186,-73.9958
4/4/2014 14:03:00,40.7437,-73.984
4/4/2014 14:04:00,40.7466,-73.9917
4/4/2014 14:05:00,40.7493,-74.0027
4/4/2014 14:05:00,40.7656,-73.963
4/4/2014 14:07:00,40.7357,-73.9976
4/4/2014 14:07:00,40.7681,-73.9821
4/4/2014 14:07:00,40.7737,-73.9643
4/4/2014 14:09:00,40.7619,-73.9716
4/4/2014 14:10:00,40.7255,-73.8521
4/4/2014 14:11:00,40.7627,-73.9694
4/4/2014 14:11:00,40.758,-73.9642
4/4/2014 14:12:00,40.755,-73.9839
4/4/2014 14:13:00,40.7627,-73.9694
4/4/2014 14:17:00,40.7688,-73.9576
4/4/2014 14:19:00,40.7063,-73.9225
4/4/2014 14:19:00,40.768,-73.9587
4/4/2014 14:20:00,40.7562,-73.9736
4/4/2014 14:21:00,40.7415,-73.9851
4/4/2014 14:23:00,40.7511,-73.9835
4/4/2014 14:23:00,40.7562,-73.9833
4/4/2014 14:24:00,40.7722,-73.9605
4/4/2014 14:24:00,40.7684,-73.8624
4/4/2014 14:25:00,40.7785,-73.9744
4/4/2014 14:25:00,40.7531,-73.981
4/4/2014 14:25:00,40.7577,-73.9846
4/4/2014 14:26:00,40.7764,-74.0194
4/4/2014 14:26:00,40.7696,-73.966
4/4/2014 14:27:00,40.7404,-73.9861
4/4/2014 14:27:00,40.7397,-73.9874
4/4/2014 14:28:00,40.7747,-73.9633
4/4/2014 14:28:00,40.7144,-73.9611
4/4/2014 14:29:00,40.7391,-73.9895
4/4/2014 14:29:00,40.7881,-73.9799
4/4/2014 14:29:00,40.7571,-73.9877
4/4/2014 14:30:00,40.7276,-74.0032
4/4/2014 14:31:00,40.7744,-73.873
4/4/2014 14:31:00,40.7518,-73.9878
4/4/2014 14:32:00,40.7458,-73.9817
4/4/2014 14:32:00,40.7591,-73.9766
4/4/2014 14:33:00,40.8279,-73.9042
4/4/2014 14:33:00,40.7676,-73.9845
4/4/2014 14:34:00,40.7457,-74.0078
4/4/2014 14:34:00,40.6417,-73.7888
4/4/2014 14:34:00,40.7174,-74.0092
4/4/2014 14:35:00,40.7711,-73.9661
4/4/2014 14:35:00,40.7429,-74.0076
4/4/2014 14:36:00,40.7403,-73.9819
4/4/2014 14:37:00,40.7275,-73.9935
4/4/2014 14:38:00,40.7326,-74.0037
4/4/2014 14:40:00,40.7229,-73.9946
4/4/2014 14:42:00,40.7402,-73.9862
4/4/2014 14:43:00,40.7539,-73.9936
4/4/2014 14:44:00,40.7168,-74.0331
4/4/2014 14:44:00,40.7168,-74.0331
4/4/2014 14:45:00,40.7624,-73.963
4/4/2014 14:45:00,40.7657,-73.9805
4/4/2014 14:45:00,40.7231,-73.9976
4/4/2014 14:46:00,40.7527,-73.973
4/4/2014 14:47:00,40.7582,-73.969
4/4/2014 14:48:00,40.7528,-73.9793
4/4/2014 14:48:00,40.732,-74.0086
4/4/2014 14:48:00,40.8008,-73.9686
4/4/2014 14:51:00,40.7607,-73.9706
4/4/2014 14:51:00,40.7953,-73.976
4/4/2014 14:51:00,40.8177,-73.9606
4/4/2014 14:52:00,40.7163,-74.0127
4/4/2014 14:52:00,40.7622,-73.9843
4/4/2014 14:53:00,40.7374,-73.991
4/4/2014 14:53:00,40.7512,-73.9756
4/4/2014 14:54:00,40.7236,-73.994
4/4/2014 14:54:00,40.7531,-73.9832
4/4/2014 14:54:00,40.7788,-73.9556
4/4/2014 14:55:00,40.7506,-73.983
4/4/2014 14:55:00,40.7307,-73.9954
4/4/2014 14:55:00,40.7557,-73.9322
4/4/2014 14:56:00,40.7626,-73.9712
4/4/2014 14:57:00,40.7468,-73.9853
4/4/2014 14:58:00,40.645,-73.7818
4/4/2014 14:58:00,40.7357,-73.9938
4/4/2014 14:58:00,40.7374,-73.991
4/4/2014 14:58:00,40.7742,-73.9616
4/4/2014 14:58:00,40.7596,-73.9718
4/4/2014 14:58:00,40.7577,-73.969
4/4/2014 15:00:00,40.7223,-73.9992
4/4/2014 15:01:00,40.7754,-73.9628
4/4/2014 15:01:00,40.7226,-73.9991
4/4/2014 15:02:00,40.7558,-73.9831
4/4/2014 15:02:00,40.7805,-73.9814
4/4/2014 15:03:00,40.6468,-73.79
4/4/2014 15:03:00,40.7473,-73.997
4/4/2014 15:03:00,40.7157,-74.0022
4/4/2014 15:03:00,40.7157,-74.0022
4/4/2014 15:03:00,40.7696,-73.9895
4/4/2014 15:03:00,40.7555,-73.9818
4/4/2014 15:04:00,40.783,-73.9595
4/4/2014 15:05:00,40.7461,-73.9941
4/4/2014 15:07:00,40.7484,-73.9927
4/4/2014 15:07:00,40.7557,-73.9707
4/4/2014 15:07:00,40.759,-73.9718
4/4/2014 15:08:00,40.7689,-73.9667
4/4/2014 15:08:00,40.749,-73.9923
4/4/2014 15:09:00,40.6449,-73.782
4/4/2014 15:10:00,40.6047,-73.9427
4/4/2014 15:11:00,40.7624,-73.9677
4/4/2014 15:11:00,40.7228,-74.0098
4/4/2014 15:11:00,40.714,-74.0149
4/4/2014 15:12:00,40.7253,-73.9969
4/4/2014 15:13:00,40.7226,-73.9887
4/4/2014 15:13:00,40.7832,-73.9762
4/4/2014 15:13:00,40.755,-73.9904
4/4/2014 15:13:00,40.7442,-73.9936
4/4/2014 15:14:00,40.7661,-73.9696
4/4/2014 15:14:00,40.754,-73.9835
4/4/2014 15:14:00,40.7254,-74.0069
4/4/2014 15:16:00,40.7557,-73.9751
4/4/2014 15:16:00,40.7598,-73.9722
4/4/2014 15:16:00,40.741,-73.9879
4/4/2014 15:17:00,40.7631,-73.9789
4/4/2014 15:17:00,40.645,-73.7818
4/4/2014 15:18:00,40.7144,-74.015
4/4/2014 15:19:00,40.7486,-73.9731
4/4/2014 15:19:00,40.7904,-73.98
4/4/2014 15:20:00,40.7401,-73.9919
4/4/2014 15:20:00,40.7399,-73.9896
4/4/2014 15:20:00,40.742,-73.9925
4/4/2014 15:20:00,40.7338,-74.0026
4/4/2014 15:21:00,40.7773,-73.9633
4/4/2014 15:22:00,40.6462,-73.7896
4/4/2014 15:22:00,40.7459,-73.9819
4/4/2014 15:22:00,40.7088,-74.0161
4/4/2014 15:23:00,40.7051,-74.0107
4/4/2014 15:24:00,40.646,-73.7768
4/4/2014 15:24:00,40.7722,-73.9827
4/4/2014 15:24:00,40.7412,-73.9855
4/4/2014 15:24:00,40.7336,-74.0023
4/4/2014 15:24:00,40.8255,-73.9237
4/4/2014 15:24:00,40.7359,-74.0704
4/4/2014 15:24:00,40.7359,-74.0704
4/4/2014 15:25:00,40.7571,-73.9758
4/4/2014 15:26:00,40.7707,-73.9624
4/4/2014 15:26:00,40.7615,-73.9842
4/4/2014 15:27:00,40.7076,-74.0118
4/4/2014 15:27:00,40.645,-73.7819
4/4/2014 15:28:00,40.7588,-73.9747
4/4/2014 15:28:00,40.7346,-74.0092
4/4/2014 15:29:00,40.7373,-73.9906
4/4/2014 15:29:00,40.7734,-73.9811
4/4/2014 15:29:00,40.7215,-73.9575
4/4/2014 15:31:00,40.7565,-73.975
4/4/2014 15:32:00,40.73,-73.9964
4/4/2014 15:32:00,40.7619,-73.9698
4/4/2014 15:33:00,40.7957,-73.9729
4/4/2014 15:33:00,40.7549,-73.9711
4/4/2014 15:33:00,40.7327,-73.9918
4/4/2014 15:33:00,40.7558,-73.9748
4/4/2014 15:33:00,40.7468,-74.0078
4/4/2014 15:33:00,40.7724,-73.982
4/4/2014 15:34:00,40.7519,-73.9924
4/4/2014 15:35:00,40.7405,-73.9896
4/4/2014 15:35:00,40.7614,-73.969
4/4/2014 15:35:00,40.7455,-73.9862
4/4/2014 15:35:00,40.7502,-74.0043
4/4/2014 15:35:00,40.7827,-73.9511
4/4/2014 15:36:00,40.7442,-74.0065
4/4/2014 15:37:00,40.7143,-73.9443
4/4/2014 15:37:00,40.762,-73.9728
4/4/2014 15:37:00,40.7641,-73.9711
4/4/2014 15:38:00,40.7385,-73.9937
4/4/2014 15:38:00,40.7553,-73.9749
4/4/2014 15:39:00,40.7517,-73.9765
4/4/2014 15:40:00,40.7665,-73.9811
4/4/2014 15:41:00,40.7593,-73.9731
4/4/2014 15:41:00,40.7276,-74.0032
4/4/2014 15:42:00,40.7405,-73.9923
4/4/2014 15:42:00,40.7593,-73.962
4/4/2014 15:42:00,40.7256,-74.0053
4/4/2014 15:42:00,40.7487,-74.0066
4/4/2014 15:44:00,40.7305,-73.9933
4/4/2014 15:44:00,40.7335,-73.9777
4/4/2014 15:44:00,40.7641,-73.9787
4/4/2014 15:44:00,40.7516,-73.9767
4/4/2014 15:45:00,40.7226,-73.9979
4/4/2014 15:45:00,40.7573,-73.9718
4/4/2014 15:45:00,40.7573,-73.9718
4/4/2014 15:45:00,40.7047,-74.0081
4/4/2014 15:45:00,40.7597,-73.9717
4/4/2014 15:46:00,40.7501,-73.9721
4/4/2014 15:46:00,40.722,-74.003
4/4/2014 15:47:00,40.7467,-73.9193
4/4/2014 15:47:00,40.7741,-73.8721
4/4/2014 15:47:00,40.7576,-73.9784
4/4/2014 15:47:00,40.7782,-73.983
4/4/2014 15:48:00,40.7507,-74.0336
4/4/2014 15:49:00,40.7557,-73.9921
4/4/2014 15:49:00,40.7075,-74.002
4/4/2014 15:50:00,40.7645,-73.9699
4/4/2014 15:51:00,40.7711,-73.8661
4/4/2014 15:53:00,40.7452,-73.987
4/4/2014 15:53:00,40.707,-73.9225
4/4/2014 15:54:00,40.7274,-74.0074
4/4/2014 15:54:00,40.7635,-73.9708
4/4/2014 15:57:00,40.7265,-74.0003
4/4/2014 15:58:00,40.7505,-73.9937
4/4/2014 15:59:00,40.7366,-73.9869
4/4/2014 16:00:00,40.7404,-73.9961
4/4/2014 16:00:00,40.774,-73.8715
4/7/2014 8:01:00,40.7747,-73.9901
4/7/2014 8:01:00,40.7741,-73.8723
4/7/2014 8:02:00,40.7354,-74.0039
4/7/2014 8:04:00,40.7307,-73.9852
4/7/2014 8:04:00,40.7693,-73.9595
4/7/2014 8:05:00,40.7778,-73.9539
4/7/2014 8:07:00,40.688,-74.1812
4/7/2014 8:09:00,40.7427,-74.038
4/7/2014 8:13:00,40.7745,-73.964
4/7/2014 8:13:00,40.6954,-74.1777
4/7/2014 8:14:00,40.7445,-74.008
4/7/2014 8:17:00,40.7274,-73.992
4/7/2014 8:18:00,40.7762,-73.9559
4/7/2014 8:19:00,40.8366,-74.1461
4/7/2014 8:20:00,40.7387,-74.0078
4/7/2014 8:23:00,40.7735,-73.9813
4/7/2014 8:23:00,40.7368,-73.986
4/7/2014 8:24:00,40.7696,-73.864
4/7/2014 8:25:00,40.7435,-73.958
4/7/2014 8:27:00,40.7686,-73.9645
4/7/2014 8:29:00,40.7484,-73.9923
4/7/2014 8:31:00,40.7868,-73.9503
4/7/2014 8:32:00,40.6512,-73.9712
4/7/2014 8:32:00,40.7497,-73.9835
4/7/2014 8:37:00,40.7303,-73.9822
4/7/2014 8:37:00,40.7196,-73.9963
4/7/2014 8:39:00,40.771,-73.866
4/7/2014 8:40:00,40.7753,-73.9649
4/7/2014 8:41:00,40.6294,-73.9995
4/7/2014 8:42:00,40.7869,-73.9503
4/7/2014 8:43:00,40.7499,-74.0035
4/7/2014 8:47:00,40.7448,-74.003
4/7/2014 8:47:00,40.7755,-73.9642
4/7/2014 8:48:00,40.7428,-73.9789
4/7/2014 8:48:00,40.7414,-74.0079
4/7/2014 8:48:00,40.7388,-74.0054
4/7/2014 8:48:00,40.7772,-73.9778
4/7/2014 8:49:00,40.7775,-73.9859
4/7/2014 8:49:00,40.7775,-73.9859
4/7/2014 8:54:00,40.7613,-73.974
4/7/2014 8:58:00,40.7462,-73.982
4/7/2014 9:01:00,40.7551,-73.9797
4/7/2014 9:03:00,40.7598,-73.9937
4/7/2014 9:03:00,40.7685,-73.8625
4/7/2014 9:05:00,40.7403,-74.0053
4/7/2014 9:09:00,40.7111,-74.0057
4/7/2014 9:10:00,40.9062,-73.9043
4/7/2014 9:10:00,40.7682,-73.9658
4/7/2014 9:14:00,40.7387,-73.9978
4/7/2014 9:16:00,40.7703,-73.982
4/7/2014 9:18:00,40.7542,-73.9981
4/7/2014 9:20:00,40.6878,-74.1819
4/7/2014 9:29:00,40.7375,-74.0054
4/7/2014 9:31:00,40.7321,-73.9866
4/7/2014 9:32:00,40.7564,-73.9702
4/7/2014 9:34:00,40.7532,-73.9961
4/7/2014 9:34:00,40.7577,-73.9844
4/7/2014 9:35:00,40.7406,-73.9916
4/7/2014 9:36:00,40.7247,-73.992
4/7/2014 9:38:00,40.9073,-74.0107
4/7/2014 9:39:00,40.7787,-73.9558
4/7/2014 9:39:00,40.6906,-73.9957
4/7/2014 9:40:00,40.7688,-73.863
4/7/2014 9:43:00,40.7755,-73.9627
4/7/2014 9:43:00,40.7499,-74.0066
4/7/2014 9:44:00,40.726,-74.0039
4/7/2014 9:48:00,40.7592,-73.9942
4/7/2014 9:50:00,40.7619,-73.9617
4/7/2014 9:50:00,40.774,-73.8727
4/7/2014 9:51:00,40.7498,-73.9522
4/7/2014 9:51:00,40.7612,-73.9739
4/7/2014 9:53:00,40.7684,-73.8624
4/7/2014 9:53:00,40.7603,-73.9805
4/7/2014 9:53:00,40.6831,-73.9618
4/7/2014 9:54:00,40.809,-73.9656
4/7/2014 9:55:00,40.7191,-74.0103
4/7/2014 9:57:00,40.7386,-73.9922
4/7/2014 9:59:00,40.7481,-73.9934
4/7/2014 10:01:00,40.7193,-74.045
4/7/2014 10:01:00,40.7193,-74.045
4/7/2014 10:01:00,40.7572,-73.9698
4/7/2014 10:02:00,40.707,-74.0091
4/7/2014 10:03:00,40.7358,-73.98
4/7/2014 10:04:00,40.7582,-73.9928
4/7/2014 10:09:00,40.6382,-74.0125
4/7/2014 10:10:00,40.7742,-73.8724
4/7/2014 10:11:00,40.7544,-73.9634
4/7/2014 10:11:00,40.7544,-73.9634
4/7/2014 10:12:00,40.7193,-74.0492
4/7/2014 10:12:00,40.7193,-74.0492
4/7/2014 10:16:00,40.7684,-73.9696
4/7/2014 10:22:00,40.7694,-73.9629
4/7/2014 10:22:00,40.7487,-73.9872
4/7/2014 10:24:00,40.6951,-74.1787
4/7/2014 10:25:00,40.768,-73.9532
4/7/2014 10:25:00,40.7232,-74.0009
4/7/2014 10:29:00,40.749,-73.9729
4/7/2014 10:29:00,40.748,-73.9776
4/7/2014 10:31:00,40.7051,-74.0077
4/7/2014 10:31:00,40.7202,-74.0109
4/7/2014 10:31:00,40.7447,-73.9797
4/7/2014 10:32:00,40.743,-73.9849
4/7/2014 10:32:00,40.7751,-73.961
4/7/2014 10:32:00,40.7571,-73.9724
4/7/2014 10:32:00,40.7571,-73.9724
4/7/2014 10:33:00,40.7522,-73.9856
4/7/2014 10:33:00,40.7569,-73.9828
4/7/2014 10:34:00,40.728,-73.8253
4/7/2014 10:35:00,40.7343,-73.9949
4/7/2014 10:36:00,40.7746,-73.9912
4/7/2014 10:38:00,40.7657,-73.9688
4/7/2014 10:40:00,40.7284,-74.0074
4/7/2014 10:40:00,40.7741,-73.8723
4/7/2014 10:42:00,40.7777,-73.9594
4/7/2014 10:43:00,40.7739,-73.872
4/7/2014 10:43:00,40.749,-73.9769
4/7/2014 10:45:00,40.7834,-73.9552
4/7/2014 10:45:00,40.7197,-74.0105
4/7/2014 10:53:00,40.7421,-73.9948
4/7/2014 10:56:00,40.7177,-73.959
4/7/2014 10:57:00,40.7447,-73.9992
4/7/2014 10:58:00,40.7645,-73.9752
4/7/2014 10:59:00,40.7663,-73.8863
4/7/2014 10:59:00,40.7276,-73.987
4/7/2014 10:59:00,40.7742,-73.964
4/7/2014 11:01:00,40.7752,-73.9635
4/7/2014 11:02:00,40.7597,-73.9853
4/7/2014 11:04:00,40.7612,-73.9855
4/7/2014 11:04:00,40.774,-73.8727
4/7/2014 11:04:00,40.7403,-74.008
4/7/2014 11:04:00,40.7227,-74.0091
4/7/2014 11:04:00,40.7559,-73.9651
4/7/2014 11:05:00,40.7167,-74.0149
4/7/2014 11:05:00,40.748,-74.0052
4/7/2014 11:06:00,40.7065,-74.0128
4/7/2014 11:08:00,40.7724,-73.9608
4/7/2014 11:10:00,40.7709,-73.8659
4/7/2014 11:10:00,40.764,-73.9705
4/7/2014 11:13:00,40.741,-73.9979
4/7/2014 11:14:00,40.73,-73.9923
4/7/2014 11:15:00,40.7368,-73.986
4/7/2014 11:15:00,40.7376,-74.0047
4/7/2014 11:15:00,40.713,-74.0073
4/7/2014 11:16:00,40.7766,-73.9626
4/7/2014 11:19:00,40.7633,-73.9769
4/7/2014 11:19:00,40.7653,-73.9657
4/7/2014 11:21:00,40.8292,-73.952
4/7/2014 11:23:00,40.7689,-73.9696
4/7/2014 11:25:00,40.738,-73.6453
4/7/2014 11:27:00,40.7028,-74.0143
4/7/2014 11:30:00,40.7583,-73.9863
4/7/2014 11:31:00,40.7169,-74.0123
4/7/2014 11:34:00,40.7346,-73.9865
4/7/2014 11:36:00,40.7772,-73.9753
4/7/2014 11:38:00,40.7564,-73.9929
4/7/2014 11:39:00,40.6546,-73.9471
4/7/2014 11:39:00,40.7746,-73.9601
4/7/2014 11:40:00,40.7684,-73.8624
4/7/2014 11:40:00,40.7246,-73.9916
4/7/2014 11:41:00,40.7434,-73.9748
4/7/2014 11:43:00,40.7513,-73.9939
4/7/2014 11:45:00,40.7388,-74.0081
4/7/2014 11:46:00,40.7459,-73.9555
4/7/2014 11:46:00,40.7515,-73.9932
4/7/2014 11:48:00,40.7163,-74.009
4/7/2014 11:49:00,40.7634,-73.9697
4/7/2014 11:49:00,40.7747,-73.991
4/7/2014 11:49:00,40.7653,-73.9788
4/7/2014 11:51:00,40.7205,-73.9833
4/7/2014 11:53:00,40.7862,-73.9799
4/7/2014 11:53:00,40.753,-74.004
4/7/2014 11:55:00,40.73,-73.9992
4/7/2014 11:55:00,40.7442,-73.9855
4/7/2014 11:57:00,40.7625,-73.9682
4/7/2014 11:57:00,40.7596,-73.959
4/7/2014 11:57:00,40.7738,-73.872
4/7/2014 11:58:00,40.7667,-73.9868
4/7/2014 11:59:00,40.7237,-74.0049
4/7/2014 12:01:00,40.7249,-74.0093
4/7/2014 12:01:00,40.7249,-74.0059
4/7/2014 12:02:00,40.7507,-73.9829
4/7/2014 12:09:00,40.7291,-74.0045
4/7/2014 12:10:00,40.7304,-74.0068
4/7/2014 12:14:00,40.7526,-73.9847
4/7/2014 12:16:00,40.7408,-73.9973
4/7/2014 12:16:00,40.7529,-73.9873
4/7/2014 12:16:00,40.7746,-73.9641
4/7/2014 12:17:00,40.7639,-73.9764
4/7/2014 12:20:00,40.7613,-73.9837
4/7/2014 12:21:00,40.7688,-73.8624
4/7/2014 12:21:00,40.6753,-73.9577
4/7/2014 12:22:00,40.6929,-73.9886
4/7/2014 12:22:00,40.7214,-73.9975
4/7/2014 12:28:00,40.7759,-73.9571
4/7/2014 12:32:00,40.7601,-73.9854
4/7/2014 12:33:00,40.7583,-73.9731
4/7/2014 12:34:00,40.6945,-73.9242
4/7/2014 12:38:00,40.7382,-74.0086
4/7/2014 12:38:00,40.7489,-73.9954
4/7/2014 12:39:00,40.7274,-74.0013
4/7/2014 12:39:00,40.78,-73.9617
4/7/2014 12:44:00,40.7249,-74.0094
4/7/2014 12:50:00,40.7415,-74.0065
4/7/2014 12:50:00,40.8005,-74.2424
4/7/2014 12:50:00,40.8005,-74.2424
4/7/2014 12:53:00,40.7741,-73.9545
4/7/2014 12:53:00,40.7613,-73.973
4/7/2014 12:55:00,40.7695,-73.9854
4/7/2014 12:56:00,40.7474,-74.0014
4/7/2014 12:56:00,40.7265,-74.0024
4/7/2014 12:59:00,40.776,-73.9593
4/7/2014 13:03:00,40.7466,-73.9956
4/7/2014 13:05:00,40.7332,-74.0033
4/7/2014 13:10:00,40.7675,-73.9685
4/7/2014 13:10:00,40.5919,-73.9401
4/7/2014 13:11:00,40.688,-74.1829
4/7/2014 13:12:00,40.7585,-73.9809
4/7/2014 13:13:00,40.7557,-73.9735
4/7/2014 13:14:00,40.7615,-73.9699
4/7/2014 13:16:00,40.763,-73.9806
4/7/2014 13:16:00,40.7739,-73.8726
4/7/2014 13:18:00,40.7746,-73.9631
4/7/2014 13:18:00,40.7568,-73.9827
4/7/2014 13:18:00,40.747,-74.0048
4/7/2014 13:19:00,40.7366,-74.0414
4/7/2014 13:20:00,40.7749,-73.9585
4/7/2014 13:22:00,40.7669,-73.9627
4/7/2014 13:25:00,40.7569,-73.9739
4/7/2014 13:25:00,40.7233,-74.0054
4/7/2014 13:28:00,40.7498,-73.9836
4/7/2014 13:31:00,40.7617,-73.9738
4/7/2014 13:31:00,40.6666,-73.924
4/7/2014 13:33:00,40.7512,-74.0067
4/7/2014 13:34:00,40.7472,-73.9897
4/7/2014 13:35:00,40.735,-73.9942
4/7/2014 13:37:00,40.6905,-74.1782
4/7/2014 13:37:00,40.6906,-73.9942
4/7/2014 13:39:00,40.7858,-73.9535
4/7/2014 13:42:00,40.7026,-73.9936
4/7/2014 13:43:00,40.7092,-74.0143
4/7/2014 13:44:00,40.7808,-73.9609
4/7/2014 13:44:00,40.7179,-74.0088
4/7/2014 13:45:00,40.7572,-73.9741
4/7/2014 13:45:00,40.7693,-73.8656
4/7/2014 13:47:00,40.7613,-73.9682
4/7/2014 13:48:00,40.7087,-74.0092
4/7/2014 13:48:00,40.761,-73.9811
4/7/2014 13:49:00,40.7823,-73.9764
4/7/2014 13:51:00,40.7048,-73.8175
4/7/2014 13:51:00,40.7274,-73.9952
4/7/2014 13:52:00,40.7677,-73.9593
4/7/2014 13:52:00,40.7647,-73.9742
4/7/2014 13:54:00,40.788,-73.9674
4/7/2014 13:56:00,40.6886,-74.1796
4/7/2014 13:57:00,40.8292,-73.8373
4/7/2014 13:59:00,40.7783,-73.9585
4/7/2014 14:01:00,40.6936,-73.9994
4/7/2014 14:05:00,40.7325,-73.9962
4/7/2014 14:06:00,40.769,-73.9814
4/7/2014 14:07:00,40.742,-74.0037
4/7/2014 14:07:00,40.7461,-73.9925
4/7/2014 14:08:00,40.7691,-73.9907
4/7/2014 14:08:00,40.7367,-73.9887
4/7/2014 14:10:00,40.7683,-73.8622
4/7/2014 14:11:00,40.7823,-73.9761
4/7/2014 14:11:00,40.6448,-73.7819
4/7/2014 14:14:00,40.7644,-73.9726
4/7/2014 14:14:00,40.7702,-73.8648
4/7/2014 14:14:00,40.7142,-74.0063
4/7/2014 14:15:00,40.704,-74.0119
4/7/2014 14:15:00,40.7737,-73.962
4/7/2014 14:18:00,40.7741,-73.9794
4/7/2014 14:18:00,40.7381,-73.9936
4/7/2014 14:18:00,40.7318,-73.9909
4/7/2014 14:19:00,40.7847,-73.9562
4/7/2014 14:19:00,40.7211,-74.0004
4/7/2014 14:20:00,40.762,-73.9856
4/7/2014 14:21:00,40.7246,-73.9971
4/7/2014 14:22:00,40.645,-73.7819
4/7/2014 14:22:00,40.762,-73.9725
4/7/2014 14:23:00,40.7552,-73.979
4/7/2014 14:24:00,40.684,-73.9984
4/7/2014 14:25:00,40.7271,-74.0055
4/7/2014 14:26:00,40.6983,-73.9801
4/7/2014 14:28:00,40.759,-73.9817
4/7/2014 14:28:00,40.7253,-74.0066
4/7/2014 14:28:00,40.7213,-74
4/7/2014 14:33:00,40.7403,-74.0053
4/7/2014 14:33:00,40.7323,-73.9867
4/7/2014 14:35:00,40.778,-73.9538
4/7/2014 14:39:00,40.737,-73.992
4/7/2014 14:39:00,40.7741,-73.8723
4/7/2014 14:39:00,40.645,-73.7819
4/7/2014 14:40:00,40.7231,-73.9941
4/7/2014 14:40:00,40.784,-73.9567
4/7/2014 14:40:00,40.784,-73.9567
4/7/2014 14:41:00,40.7853,-73.9554
4/7/2014 14:41:00,40.706,-74.0088
4/7/2014 14:42:00,40.7455,-73.9887
4/7/2014 14:42:00,40.7221,-73.9984
4/7/2014 14:43:00,40.7739,-73.9639
4/7/2014 14:44:00,40.7783,-73.9554
4/7/2014 14:46:00,40.7523,-73.972
4/7/2014 14:50:00,40.7642,-73.9543
4/7/2014 14:53:00,40.7644,-73.9826
4/7/2014 14:53:00,40.7207,-74.0019
4/7/2014 14:55:00,40.7191,-74.0109
4/7/2014 14:56:00,40.7533,-73.9694
4/7/2014 14:58:00,40.7911,-73.9539
4/7/2014 15:00:00,40.7445,-73.9907
4/7/2014 15:00:00,40.7532,-73.9787
4/7/2014 15:01:00,40.7467,-73.9862
4/7/2014 15:01:00,40.7512,-73.9754
4/7/2014 15:03:00,40.7018,-74.0127
4/7/2014 15:03:00,40.7259,-74.0076
4/7/2014 15:03:00,40.7447,-73.9719
4/7/2014 15:05:00,40.8191,-73.9589
4/7/2014 15:07:00,40.7554,-73.9912
4/7/2014 15:07:00,40.7457,-73.9824
4/7/2014 15:08:00,40.7498,-73.9761
4/7/2014 15:08:00,40.7559,-73.971
4/7/2014 15:10:00,40.7426,-74.0069
4/7/2014 15:13:00,40.7332,-73.9812
4/7/2014 15:13:00,40.7702,-73.9597
4/7/2014 15:14:00,40.754,-73.9881
4/7/2014 15:15:00,40.7398,-74.0053
4/7/2014 15:16:00,40.6217,-73.9291
4/7/2014 15:19:00,40.7091,-74.0155
4/7/2014 15:19:00,40.7101,-73.9625
4/7/2014 15:20:00,40.7628,-73.9787
4/7/2014 15:21:00,40.7595,-73.9737
4/7/2014 15:22:00,40.7301,-74.0023
4/7/2014 15:23:00,40.7605,-73.9602
4/7/2014 15:23:00,40.7492,-74.0031
4/7/2014 15:24:00,40.8092,-74.104
4/7/2014 15:25:00,40.759,-73.9723
4/7/2014 15:25:00,40.8527,-73.8387
4/7/2014 15:26:00,40.708,-74.0125
4/7/2014 15:26:00,40.708,-74.0125
4/7/2014 15:26:00,40.6841,-73.9816
4/7/2014 15:26:00,40.7378,-73.9901
4/7/2014 15:28:00,40.7365,-74.0066
4/7/2014 15:28:00,40.7319,-73.9964
4/7/2014 15:28:00,40.7606,-73.9801
4/7/2014 15:29:00,40.7461,-73.9821
4/7/2014 15:29:00,40.7064,-74.0178
4/7/2014 15:29:00,40.7768,-73.9612
4/7/2014 15:30:00,40.7385,-73.9855
4/7/2014 15:30:00,40.7665,-73.8919
4/7/2014 15:31:00,40.7683,-73.9835
4/7/2014 15:33:00,40.7265,-74.0074
4/7/2014 15:34:00,40.773,-73.9888
4/7/2014 15:34:00,40.7845,-73.9576
4/7/2014 15:34:00,40.7831,-73.9529
4/7/2014 15:34:00,40.7831,-73.9529
4/7/2014 15:34:00,40.8077,-73.9454
4/7/2014 15:35:00,40.7587,-73.9693
4/7/2014 15:35:00,40.7372,-73.9984
4/7/2014 15:37:00,40.753,-73.9726
4/7/2014 15:37:00,40.7533,-74.0038
4/7/2014 15:38:00,40.7061,-74.0162
4/7/2014 15:38:00,40.7537,-73.9807
4/7/2014 15:38:00,40.7537,-73.9807
4/7/2014 15:38:00,40.7472,-74.0022
4/7/2014 15:40:00,40.7193,-73.999
4/7/2014 15:40:00,40.7648,-73.9797
4/7/2014 15:40:00,40.7541,-73.9862
4/7/2014 15:40:00,40.7855,-73.9698
4/7/2014 15:42:00,40.7651,-73.9533
4/7/2014 15:44:00,40.7535,-73.9926
4/7/2014 15:47:00,40.7554,-73.9749
4/7/2014 15:47:00,40.7239,-73.9571
4/7/2014 15:47:00,40.7394,-74.007
4/7/2014 15:49:00,40.719,-74.0109
4/7/2014 15:50:00,40.7449,-73.9871
4/7/2014 15:51:00,40.7189,-74.0343
4/7/2014 15:51:00,40.7189,-74.0343
4/7/2014 15:51:00,40.7907,-73.9654
4/7/2014 15:51:00,40.7348,-73.9987
4/7/2014 15:52:00,40.7758,-73.9874
4/7/2014 15:52:00,40.754,-73.9784
4/7/2014 15:53:00,40.7599,-73.9744
4/7/2014 15:53:00,40.7407,-73.9904
4/7/2014 15:54:00,40.7766,-73.9529
4/7/2014 15:54:00,40.6482,-73.9676
4/7/2014 15:55:00,40.7457,-73.9955
4/7/2014 15:59:00,40.7635,-73.9727
4/7/2014 15:59:00,40.6941,-73.968
4/7/2014 16:00:00,40.7261,-73.9918
4/7/2014 16:00:00,40.8308,-73.9202
4/7/2014 16:00:00,40.7404,-74.0058
4/7/2014 16:00:00,40.6902,-73.9814
4/8/2014 8:01:00,40.7644,-73.9688
4/8/2014 8:01:00,40.7254,-73.9894
4/8/2014 8:01:00,40.7506,-73.9743
4/8/2014 8:02:00,40.7811,-73.9514
4/8/2014 8:02:00,40.7257,-74.0009
4/8/2014 8:02:00,40.7399,-74.0051
4/8/2014 8:03:00,40.723,-73.9949
4/8/2014 8:03:00,40.8054,-74.0775
4/8/2014 8:03:00,40.8054,-74.0775
4/8/2014 8:05:00,40.7738,-73.8718
4/8/2014 8:07:00,40.7498,-73.9989
4/8/2014 8:07:00,40.7451,-73.9771
4/8/2014 8:08:00,40.7348,-73.9794
4/8/2014 8:09:00,40.7198,-74.0092
4/8/2014 8:11:00,40.7523,-73.978
4/8/2014 8:11:00,40.751,-73.9943
4/8/2014 8:13:00,40.7767,-73.96
4/8/2014 8:13:00,40.7704,-73.9577
4/8/2014 8:13:00,40.7484,-74.0055
4/8/2014 8:15:00,40.7599,-73.9699
4/8/2014 8:15:00,40.7512,-74.0046
4/8/2014 8:16:00,40.7607,-73.9757
4/8/2014 8:17:00,40.7773,-73.9513
4/8/2014 8:17:00,40.7668,-73.9617
4/8/2014 8:20:00,40.7708,-73.8658
4/8/2014 8:22:00,40.7876,-73.9689
4/8/2014 8:22:00,40.7745,-73.9837
4/8/2014 8:22:00,40.7593,-73.994
4/8/2014 8:23:00,40.7784,-73.9608
4/8/2014 8:24:00,40.7278,-73.9838
4/8/2014 8:24:00,40.7538,-73.9888
4/8/2014 8:25:00,40.7504,-73.9951
4/8/2014 8:26:00,40.7411,-73.9925
4/8/2014 8:26:00,40.7768,-73.953
4/8/2014 8:28:00,40.7791,-73.9827
4/8/2014 8:29:00,40.7643,-73.9809
4/8/2014 8:36:00,40.7296,-73.9863
4/8/2014 8:37:00,40.7393,-73.9826
4/8/2014 8:38:00,40.7559,-73.969
4/8/2014 8:38:00,40.7559,-73.969
4/8/2014 8:40:00,40.7331,-73.9963
4/8/2014 8:41:00,40.7733,-73.9571
4/8/2014 8:41:00,40.7292,-74.0093
4/8/2014 8:42:00,40.739,-73.9854
4/8/2014 8:42:00,40.7367,-73.9889
4/8/2014 8:48:00,40.6915,-74.1772
4/8/2014 8:48:00,40.6915,-74.1772
4/8/2014 8:52:00,40.7735,-73.9475
4/8/2014 8:55:00,40.7407,-74.0076
4/8/2014 8:55:00,40.7586,-73.9735
4/8/2014 8:56:00,40.7572,-73.9821
4/8/2014 8:57:00,40.756,-73.992
4/8/2014 8:58:00,40.7221,-73.9985
4/8/2014 8:59:00,40.7792,-73.9578
4/8/2014 8:59:00,40.7777,-73.9511
4/8/2014 9:00:00,40.723,-74.0104
4/8/2014 9:03:00,40.7333,-74.0064
4/8/2014 9:06:00,40.7582,-73.9921
4/8/2014 9:07:00,40.7499,-73.9793
4/8/2014 9:11:00,40.7659,-73.9758
4/8/2014 9:15:00,40.7261,-73.9919
4/8/2014 9:16:00,40.7274,-73.9919
4/8/2014 9:19:00,40.7236,-74.011
4/8/2014 9:19:00,40.7781,-73.9629
4/8/2014 9:20:00,40.7528,-73.9835
4/8/2014 9:23:00,40.789,-73.9561
4/8/2014 9:26:00,40.7138,-74.0061
4/8/2014 9:27:00,40.7663,-73.9779
4/8/2014 9:29:00,40.7357,-74.0073
4/8/2014 9:29:00,40.7579,-73.9818
4/8/2014 9:29:00,40.6881,-74.1832
4/8/2014 9:31:00,40.7705,-73.8651
4/8/2014 9:35:00,40.7506,-73.9787
4/8/2014 9:39:00,40.7648,-73.9703
4/8/2014 9:43:00,40.7471,-73.9939
4/8/2014 9:46:00,40.7684,-73.97
4/8/2014 9:46:00,40.7416,-73.9974
4/8/2014 9:50:00,40.7572,-73.9627
4/8/2014 9:56:00,40.7181,-73.9902
4/8/2014 9:58:00,40.7618,-73.9724
4/8/2014 9:59:00,40.7679,-73.9824
4/8/2014 10:01:00,40.7214,-74.0003
4/8/2014 10:01:00,40.7653,-73.9696
4/8/2014 10:02:00,40.6951,-74.1784
4/8/2014 10:04:00,40.7376,-74.0093
4/8/2014 10:05:00,40.7039,-73.9868
4/8/2014 10:05:00,40.7461,-73.9903
4/8/2014 10:05:00,40.7237,-74.0036
4/8/2014 10:08:00,40.774,-73.8727
4/8/2014 10:10:00,40.7575,-73.9735
4/8/2014 10:10:00,40.7714,-73.9809
4/8/2014 10:13:00,40.72,-73.9882
4/8/2014 10:15:00,40.7739,-73.8728
4/8/2014 10:19:00,40.7496,-73.9917
4/8/2014 10:19:00,40.7583,-73.9761
4/8/2014 10:19:00,40.7512,-74.0067
4/8/2014 10:21:00,40.7241,-74.0366
4/8/2014 10:21:00,40.7241,-74.0366
4/8/2014 10:24:00,40.6431,-73.7889
4/8/2014 10:27:00,40.7732,-73.8856
4/8/2014 10:27:00,40.7584,-73.977
4/8/2014 10:27:00,40.8396,-74.1601
4/8/2014 10:27:00,40.8396,-74.1601
4/8/2014 10:31:00,40.7964,-73.9686
4/8/2014 10:32:00,40.7209,-73.9942
4/8/2014 10:33:00,40.7231,-73.9978
4/8/2014 10:34:00,40.7399,-73.9861
4/8/2014 10:35:00,40.746,-73.955
4/8/2014 10:36:00,40.7743,-73.9594
4/8/2014 10:37:00,40.7439,-73.9911
4/8/2014 10:37:00,40.7517,-73.9938
4/8/2014 10:38:00,40.7449,-73.9839
4/8/2014 10:39:00,40.7257,-74.01
4/8/2014 10:44:00,40.7812,-73.9493
4/8/2014 10:45:00,40.7204,-73.9918
4/8/2014 10:46:00,40.7443,-73.9876
4/8/2014 10:46:00,40.7425,-73.9849
4/8/2014 10:49:00,40.7844,-73.9551
4/8/2014 10:55:00,40.7564,-73.9846
4/8/2014 10:57:00,40.7421,-73.9869
4/8/2014 11:00:00,40.7961,-73.9497
4/8/2014 11:02:00,40.7558,-73.9863
4/8/2014 11:03:00,40.7673,-73.9841
4/8/2014 11:10:00,40.7417,-73.9854
4/8/2014 11:12:00,40.8211,-73.9377
4/8/2014 11:14:00,40.749,-73.9923
4/8/2014 11:14:00,40.7192,-74.0352
4/8/2014 11:18:00,40.723,-73.9977
4/8/2014 11:18:00,40.7541,-73.9941
4/8/2014 11:19:00,40.7654,-73.9759
4/8/2014 11:19:00,40.754,-73.98
4/8/2014 11:21:00,40.7169,-73.8037
4/8/2014 11:23:00,40.7665,-73.9846
4/8/2014 11:24:00,40.7657,-73.9819
4/8/2014 11:24:00,40.7105,-74.0173
4/8/2014 11:27:00,40.7606,-73.9991
4/8/2014 11:28:00,40.7493,-73.9756
4/8/2014 11:29:00,40.7028,-74.0142
4/8/2014 11:31:00,40.774,-73.8721
4/8/2014 11:32:00,40.7505,-73.9947
4/8/2014 11:32:00,40.7861,-73.9707
4/8/2014 11:34:00,40.745,-73.9764
4/8/2014 11:37:00,40.7227,-74.0088
4/8/2014 11:37:00,40.754,-73.9873
4/8/2014 11:39:00,40.7536,-73.9851
4/8/2014 11:39:00,40.7557,-73.9732
4/8/2014 11:42:00,40.7797,-73.9771
4/8/2014 11:46:00,40.7255,-73.997
4/8/2014 11:46:00,40.7656,-73.9704
4/8/2014 11:49:00,40.7373,-74.0287
4/8/2014 11:49:00,40.7373,-74.0287
4/8/2014 11:50:00,40.773,-73.9603
4/8/2014 11:52:00,40.7207,-74.0324
4/8/2014 11:52:00,40.7207,-74.0324
4/8/2014 11:53:00,40.7188,-73.9634
4/8/2014 11:58:00,40.7477,-73.9853
4/8/2014 11:59:00,40.755,-73.9942
4/8/2014 11:59:00,40.8098,-73.9587
4/8/2014 12:01:00,40.7368,-73.9888
4/8/2014 12:02:00,40.7026,-74.011
4/8/2014 12:04:00,40.7807,-73.9544
4/8/2014 12:11:00,40.7646,-73.9832
4/8/2014 12:13:00,40.8089,-73.9521
4/8/2014 12:15:00,40.7711,-73.8662
4/8/2014 12:16:00,40.7342,-73.9972
4/8/2014 12:17:00,40.7654,-73.9714
4/8/2014 12:17:00,40.7624,-73.971
4/8/2014 12:21:00,40.7459,-73.9882
4/8/2014 12:24:00,40.7654,-73.9619
4/8/2014 12:26:00,40.7446,-73.9853
4/8/2014 12:30:00,40.8158,-73.9369
4/8/2014 12:33:00,40.7637,-73.9786
4/8/2014 12:33:00,40.7566,-73.9865
4/8/2014 12:34:00,40.7568,-73.9766
4/8/2014 12:35:00,40.7589,-73.9816
4/8/2014 12:36:00,40.7364,-74.0019
4/8/2014 12:37:00,40.7454,-74.0041
4/8/2014 12:38:00,40.7964,-73.9725
4/8/2014 12:39:00,40.7738,-73.8725
4/8/2014 12:41:00,40.783,-73.9808
4/8/2014 12:41:00,40.7742,-73.9637
4/8/2014 12:44:00,40.6515,-74.3468
4/8/2014 12:46:00,40.9595,-74.0347
4/8/2014 12:46:00,40.9595,-74.0347
4/8/2014 12:47:00,40.7252,-73.9993
4/8/2014 12:49:00,40.7661,-73.981
4/8/2014 12:50:00,40.7662,-73.9523
4/8/2014 12:52:00,40.7625,-73.9761
4/8/2014 12:52:00,40.7508,-73.9745
4/8/2014 12:52:00,40.7746,-73.9586
4/8/2014 12:54:00,40.6878,-74.1819
4/8/2014 12:55:00,40.7083,-74.0141
4/8/2014 12:56:00,40.759,-73.9737
4/8/2014 12:56:00,40.7528,-73.9873
4/8/2014 12:56:00,40.7533,-73.989
4/8/2014 12:57:00,40.726,-74.0084
4/8/2014 12:57:00,40.7687,-73.8628
4/8/2014 12:59:00,40.7511,-73.9739
4/8/2014 13:00:00,40.7645,-73.9957
4/8/2014 13:01:00,40.7682,-73.9686
4/8/2014 13:07:00,40.7386,-73.9854
4/8/2014 13:08:00,40.7572,-73.971
4/8/2014 13:08:00,40.7619,-73.9748
4/8/2014 13:09:00,40.7547,-74.0072
4/8/2014 13:10:00,40.7466,-73.9886
4/8/2014 13:11:00,40.7216,-73.9955
4/8/2014 13:13:00,40.7593,-73.9854
4/8/2014 13:18:00,40.7494,-73.9918
4/8/2014 13:22:00,40.7436,-73.9586
4/8/2014 13:24:00,40.759,-73.9733
4/8/2014 13:24:00,40.7151,-74.0163
4/8/2014 13:25:00,40.775,-73.9631
4/8/2014 13:26:00,40.7502,-73.9949
4/8/2014 13:26:00,40.6972,-73.9706
4/8/2014 13:28:00,40.7598,-73.9763
4/8/2014 13:30:00,40.7681,-73.8619
4/8/2014 13:31:00,40.7772,-73.9801
4/8/2014 13:31:00,40.753,-73.9797
4/8/2014 13:31:00,40.7264,-74.0019
4/8/2014 13:32:00,40.7499,-73.9923
4/8/2014 13:32:00,40.7505,-73.9914
4/8/2014 13:32:00,40.7083,-74.0058
4/8/2014 13:35:00,40.7337,-73.9929
4/8/2014 13:36:00,40.7516,-73.9854
4/8/2014 13:37:00,40.7334,-74.0044
4/8/2014 13:37:00,40.8068,-73.9898
4/8/2014 13:38:00,40.7726,-73.9454
4/8/2014 13:41:00,40.7902,-73.9729
4/8/2014 13:43:00,40.7729,-73.9784
4/8/2014 13:47:00,40.7414,-74.0062
4/8/2014 13:47:00,40.7552,-73.97
4/8/2014 13:49:00,40.7709,-73.8659
4/8/2014 13:49:00,40.7624,-73.9864
4/8/2014 13:50:00,40.7219,-73.9999
4/8/2014 13:51:00,40.7184,-73.9995
4/8/2014 13:52:00,40.6914,-73.7222
4/8/2014 13:53:00,40.7884,-73.9782
4/8/2014 13:53:00,40.7753,-73.9597
4/8/2014 13:53:00,40.7555,-73.9865
4/8/2014 13:56:00,40.7565,-73.9725
4/8/2014 13:57:00,40.7519,-74.0048
4/8/2014 14:00:00,40.7339,-74.001
4/8/2014 14:01:00,40.6625,-73.9863
4/8/2014 14:01:00,40.7732,-73.9581
4/8/2014 14:01:00,40.7668,-73.983
4/8/2014 14:03:00,40.7608,-73.9731
4/8/2014 14:03:00,40.7582,-73.9922
4/8/2014 14:04:00,40.7304,-73.9988
4/8/2014 14:05:00,40.7676,-73.9685
4/8/2014 14:08:00,40.7572,-73.9856
4/8/2014 14:08:00,40.692,-73.993
4/8/2014 14:09:00,40.7111,-74.0064
4/8/2014 14:10:00,40.7551,-73.9808
4/8/2014 14:12:00,40.645,-73.7817
4/8/2014 14:16:00,40.7851,-73.9556
4/8/2014 14:16:00,40.7573,-73.9859
4/8/2014 14:18:00,40.7442,-73.9743
4/8/2014 14:19:00,40.7658,-73.9688
4/8/2014 14:19:00,40.7699,-73.9589
4/8/2014 14:20:00,40.6418,-73.789
4/8/2014 14:23:00,40.719,-74.01
4/8/2014 14:23:00,40.7558,-73.9705
4/8/2014 14:24:00,40.7195,-73.9988
4/8/2014 14:25:00,40.7351,-73.9914
4/8/2014 14:25:00,40.7884,-73.9708
4/8/2014 14:26:00,40.7622,-73.9746
4/8/2014 14:27:00,40.7747,-73.9654
4/8/2014 14:28:00,40.7605,-73.9866
4/8/2014 14:29:00,40.7513,-73.9908
4/8/2014 14:31:00,40.7618,-73.9824
4/8/2014 14:32:00,40.7504,-73.9806
4/8/2014 14:33:00,40.7745,-73.9634
4/8/2014 14:33:00,40.7367,-73.9867
4/8/2014 14:34:00,40.7628,-73.9807
4/8/2014 14:34:00,40.7399,-73.974
4/8/2014 14:34:00,40.7513,-73.9904
4/8/2014 14:34:00,40.7366,-74.0052
4/8/2014 14:34:00,40.7228,-73.9943
4/8/2014 14:35:00,40.7539,-73.9844
4/8/2014 14:36:00,40.7053,-74.0135
4/8/2014 14:36:00,40.7449,-73.9934
4/8/2014 14:38:00,40.7646,-73.9719
4/8/2014 14:42:00,40.758,-73.975
4/8/2014 14:43:00,40.752,-73.9783
4/8/2014 14:45:00,40.7409,-74.0075
4/8/2014 14:48:00,40.7809,-73.955
4/8/2014 14:54:00,40.755,-73.9867
4/8/2014 14:54:00,40.7616,-73.9783
4/8/2014 14:55:00,40.645,-73.7819
4/8/2014 14:56:00,40.7398,-73.616
4/8/2014 14:58:00,40.7602,-73.9722
4/8/2014 14:59:00,40.7672,-73.9683
4/8/2014 15:00:00,40.7419,-74.0046
4/8/2014 15:00:00,40.7167,-74.0065
4/8/2014 15:01:00,40.728,-74.0053
4/8/2014 15:01:00,40.7493,-74.0029
4/8/2014 15:02:00,40.6466,-73.7812
4/8/2014 15:03:00,40.703,-74.0142
4/8/2014 15:03:00,40.7249,-73.9972
4/8/2014 15:03:00,40.7116,-74.0054
4/8/2014 15:05:00,40.7257,-73.9965
4/8/2014 15:06:00,40.7203,-74.0108
4/8/2014 15:07:00,40.7831,-73.9783
4/8/2014 15:08:00,40.7534,-73.979
4/8/2014 15:09:00,40.7348,-73.995
4/8/2014 15:12:00,40.7228,-74.0011
4/8/2014 15:12:00,40.7368,-73.9888
4/8/2014 15:12:00,40.7464,-73.9932
4/8/2014 15:15:00,40.7514,-74.0067
4/8/2014 15:16:00,40.7702,-73.8648
4/8/2014 15:17:00,40.7454,-74.0078
4/8/2014 15:17:00,40.7559,-73.9769
4/8/2014 15:17:00,40.754,-73.9712
4/8/2014 15:17:00,40.7534,-73.9728
4/8/2014 15:18:00,40.7842,-73.9587
4/8/2014 15:20:00,40.7597,-73.9861
4/8/2014 15:21:00,40.7256,-73.9898
4/8/2014 15:22:00,40.7621,-73.9724
4/8/2014 15:23:00,40.7456,-74.0046
4/8/2014 15:24:00,40.7553,-73.9834
4/8/2014 15:25:00,40.7568,-73.9696
4/8/2014 15:26:00,40.7565,-73.9894
4/8/2014 15:27:00,40.7042,-74.0086
4/8/2014 15:27:00,40.744,-73.992
4/8/2014 15:27:00,40.7562,-73.9768
4/8/2014 15:28:00,40.752,-73.981
4/8/2014 15:28:00,40.7547,-73.9641
4/8/2014 15:28:00,40.775,-73.9837
4/8/2014 15:28:00,40.7505,-73.979
4/8/2014 15:28:00,40.7428,-73.9871
4/8/2014 15:30:00,40.765,-73.9687
4/8/2014 15:32:00,40.7544,-73.9831
4/8/2014 15:32:00,40.7579,-73.9734
4/8/2014 15:33:00,40.7726,-73.9626
4/8/2014 15:34:00,40.7683,-73.9961
4/8/2014 15:34:00,40.7573,-73.9696
4/8/2014 15:35:00,40.7343,-73.9991
4/8/2014 15:35:00,40.7484,-74.0054
4/8/2014 15:35:00,40.7565,-74.0014
4/8/2014 15:35:00,40.7382,-73.9921
4/8/2014 15:36:00,40.7618,-73.9726
4/8/2014 15:36:00,40.6675,-73.7994
4/8/2014 15:36:00,40.7743,-73.9594
4/8/2014 15:37:00,40.7543,-73.9828
4/8/2014 15:38:00,40.7498,-73.9791
4/8/2014 15:41:00,40.7414,-73.9914
4/8/2014 15:41:00,40.7732,-73.9782
4/8/2014 15:42:00,40.7465,-73.9859
4/8/2014 15:42:00,40.7615,-73.969
4/8/2014 15:43:00,40.7329,-73.9924
4/8/2014 15:43:00,40.7394,-73.9938
4/8/2014 15:43:00,40.7437,-73.9715
4/8/2014 15:44:00,40.7021,-73.8019
4/8/2014 15:46:00,40.7349,-73.5948
4/8/2014 15:46:00,40.7666,-73.961
4/8/2014 15:47:00,40.7008,-74.1836
4/8/2014 15:48:00,40.6881,-74.1829
4/8/2014 15:49:00,40.7729,-73.9561
4/8/2014 15:50:00,40.7489,-73.9921
4/8/2014 15:51:00,40.7683,-73.9672
4/8/2014 15:51:00,40.7676,-73.9909
4/8/2014 15:55:00,40.7526,-73.9785
4/8/2014 16:00:00,40.7318,-73.9948
