Date/Time,Lat,Lon
4/1/2014 0:11:00,40.769,-73.9549
4/1/2014 0:17:00,40.7267,-74.0345
4/1/2014 0:21:00,40.7316,-73.9873
4/1/2014 0:28:00,40.7588,-73.9776
4/1/2014 0:33:00,40.7594,-73.9722
4/1/2014 0:33:00,40.7383,-74.0403
4/1/2014 0:39:00,40.7223,-73.9887
4/1/2014 0:45:00,40.762,-73.979
4/1/2014 0:55:00,40.7524,-73.996
4/1/2014 1:01:00,40.7575,-73.9846
4/1/2014 1:19:00,40.7256,-73.9869
4/1/2014 1:48:00,40.7591,-73.9684
4/1/2014 1:49:00,40.7271,-73.9803
4/1/2014 2:11:00,40.6463,-73.7896
4/1/2014 2:25:00,40.7564,-73.9167
4/1/2014 2:31:00,40.7666,-73.9531
4/1/2014 2:43:00,40.758,-73.9761
4/1/2014 3:22:00,40.7238,-73.9821
4/1/2014 3:35:00,40.7531,-74.0039
4/1/2014 3:35:00,40.7389,-74.0393
4/1/2014 3:41:00,40.7619,-73.9715
4/1/2014 4:11:00,40.753,-74.0042
4/1/2014 4:15:00,40.6561,-73.9531
4/1/2014 4:19:00,40.725,-73.9844
4/1/2014 4:20:00,40.695,-74.1783
4/1/2014 4:26:00,40.9859,-74.1578
4/1/2014 4:27:00,40.6879,-74.1814
4/1/2014 4:38:00,40.6878,-74.1816
4/1/2014 4:47:00,40.7234,-73.9974
4/1/2014 4:49:00,40.7336,-73.99
4/1/2014 5:08:00,40.7141,-74.0094
4/1/2014 5:12:00,40.7893,-73.9709
4/1/2014 5:18:00,40.7747,-73.991
4/1/2014 5:19:00,40.7689,-73.9876
4/1/2014 5:23:00,40.7744,-74.0149
4/1/2014 5:24:00,40.7393,-73.9974
4/1/2014 5:24:00,40.7776,-73.9752
4/1/2014 5:27:00,40.6483,-73.7829
4/1/2014 5:34:00,40.6907,-74.1782
4/1/2014 5:36:00,40.7217,-73.9875
4/1/2014 5:36:00,40.7651,-73.9632
4/1/2014 5:40:00,40.7437,-73.9985
4/1/2014 5:43:00,40.7605,-73.978
4/1/2014 5:44:00,40.743,-74.0301
4/1/2014 5:44:00,40.743,-74.0301
4/1/2014 5:49:00,40.7423,-74.0371
4/1/2014 5:49:00,40.7236,-74.0037
4/1/2014 5:52:00,40.7723,-73.9527
4/1/2014 5:52:00,40.7574,-73.9862
4/1/2014 5:53:00,40.7838,-73.9504
4/1/2014 5:54:00,40.7711,-73.9871
4/1/2014 5:56:00,40.7571,-73.9726
4/1/2014 5:56:00,40.7442,-73.9854
4/1/2014 5:58:00,40.7166,-74.0144
4/1/2014 6:00:00,40.7507,-73.9703
4/1/2014 6:01:00,40.7337,-73.9979
4/1/2014 6:02:00,40.7236,-74.0111
4/1/2014 6:03:00,40.7151,-74.0464
4/1/2014 6:06:00,40.7701,-73.9588
4/1/2014 6:08:00,40.86,-73.9142
4/1/2014 6:08:00,40.7555,-73.9729
4/1/2014 6:14:00,40.7249,-74.0355
4/1/2014 6:14:00,40.6193,-74.157
4/1/2014 6:15:00,40.7753,-73.978
4/1/2014 6:15:00,40.7204,-73.9545
4/1/2014 6:16:00,40.7772,-73.9595
4/1/2014 6:17:00,40.7651,-74.082
4/1/2014 6:17:00,40.74,-73.9879
4/1/2014 6:19:00,40.7741,-73.9568
4/1/2014 6:20:00,40.7599,-73.9944
4/1/2014 6:21:00,40.7531,-74.0039
4/1/2014 6:22:00,40.7791,-73.9623
4/1/2014 6:25:00,40.7382,-74.0033
4/1/2014 6:31:00,40.7391,-73.9989
4/1/2014 6:31:00,40.7806,-73.982
4/1/2014 6:32:00,40.7322,-73.9863
4/1/2014 6:33:00,40.7703,-73.966
4/1/2014 6:34:00,40.7221,-74.0018
4/1/2014 6:35:00,40.7588,-73.9895
4/1/2014 6:36:00,40.7677,-73.9656
4/1/2014 6:37:00,40.7404,-74.0076
4/1/2014 6:38:00,40.7679,-73.9599
4/1/2014 6:39:00,40.7694,-73.9852
4/1/2014 6:40:00,40.7858,-73.9546
4/1/2014 6:40:00,40.7742,-73.9491
4/1/2014 6:42:00,40.7703,-73.95
4/1/2014 6:42:00,40.7614,-73.9997
4/1/2014 6:43:00,40.793,-73.9749
4/1/2014 6:44:00,40.7231,-73.9442
4/1/2014 6:45:00,40.7874,-73.9545
4/1/2014 6:47:00,40.7689,-73.9812
4/1/2014 6:47:00,40.7789,-73.9557
4/1/2014 6:48:00,40.7271,-74.0054
4/1/2014 6:52:00,40.7877,-73.973
4/1/2014 6:52:00,40.7255,-74.0092
4/1/2014 6:54:00,40.7653,-73.9723
4/1/2014 6:56:00,40.7644,-73.9769
4/1/2014 6:57:00,40.7726,-73.9532
4/1/2014 6:59:00,40.7898,-73.9661
4/1/2014 7:00:00,40.7839,-73.9703
4/1/2014 7:00:00,40.7236,-74.0016
4/1/2014 7:00:00,40.699,-73.9951
4/1/2014 7:00:00,40.7581,-73.9219
4/1/2014 7:01:00,40.768,-73.9191
4/1/2014 7:02:00,40.7677,-73.9897
4/1/2014 7:02:00,40.771,-73.866
4/1/2014 7:03:00,40.7808,-73.9487
4/1/2014 7:06:00,40.7147,-74.0362
4/1/2014 7:07:00,40.7732,-73.9504
4/1/2014 7:08:00,40.7335,-74.0043
4/1/2014 7:08:00,40.7754,-73.9782
4/1/2014 7:09:00,40.7752,-73.9455
4/1/2014 7:09:00,40.7243,-74.0021
4/1/2014 7:09:00,40.7786,-73.9512
4/1/2014 7:11:00,40.7877,-73.9788
4/1/2014 7:12:00,40.8674,-73.8822
4/1/2014 7:14:00,40.7678,-73.9704
4/1/2014 7:15:00,40.7749,-73.9587
4/1/2014 7:15:00,40.7209,-73.9813
4/1/2014 7:17:00,40.756,-73.9752
4/1/2014 7:17:00,40.7923,-73.9676
4/1/2014 7:20:00,40.739,-73.9991
4/1/2014 7:21:00,40.7273,-73.9797
4/1/2014 7:22:00,40.7751,-73.9475
4/1/2014 7:22:00,40.7406,-73.9983
4/1/2014 7:23:00,40.8364,-74.1461
4/1/2014 7:24:00,40.7452,-73.991
4/1/2014 7:25:00,40.7805,-73.9481
4/1/2014 7:25:00,40.7805,-73.9481
4/1/2014 7:26:00,40.7814,-73.9513
4/1/2014 7:26:00,40.7864,-73.9699
4/1/2014 7:27:00,40.783,-73.9559
4/1/2014 7:28:00,40.7582,-73.9928
4/1/2014 7:29:00,40.7216,-74.0046
4/1/2014 7:29:00,40.7298,-73.9988
4/1/2014 7:29:00,40.7746,-73.956
4/1/2014 7:30:00,40.7208,-73.994
4/1/2014 7:32:00,40.7669,-73.9617
4/1/2014 7:32:00,40.7084,-74.0064
4/1/2014 7:35:00,40.7425,-73.9942
4/1/2014 7:35:00,40.7424,-73.9838
4/1/2014 7:35:00,40.7724,-73.955
4/1/2014 7:37:00,40.7787,-73.9559
4/1/2014 7:38:00,40.7752,-73.9637
4/1/2014 7:38:00,40.7754,-73.95
4/1/2014 7:38:00,40.7368,-74.0044
4/1/2014 7:40:00,40.7174,-73.9924
4/1/2014 7:42:00,40.7305,-73.9934
4/1/2014 7:45:00,40.7747,-73.9613
4/1/2014 7:45:00,40.7229,-73.994
4/1/2014 7:46:00,40.7396,-73.981
4/1/2014 7:46:00,40.725,-73.9994
4/1/2014 7:50:00,40.695,-74.1774
4/1/2014 7:51:00,40.719,-74.0064
4/1/2014 7:51:00,40.8271,-73.9726
4/1/2014 7:53:00,40.7793,-73.9495
4/1/2014 7:54:00,40.7266,-73.9801
4/1/2014 7:55:00,40.6922,-74.1811
4/1/2014 7:56:00,40.7418,-74.0074
4/1/2014 7:56:00,40.7108,-73.9845
4/1/2014 7:57:00,40.7857,-73.9802
4/1/2014 7:59:00,40.7757,-73.9502
4/2/2014 0:00:00,40.7458,-73.9843
4/2/2014 0:05:00,40.7285,-74.0467
4/2/2014 0:07:00,40.7732,-73.9546
4/2/2014 0:11:00,40.655,-73.9786
4/2/2014 0:21:00,40.7405,-74.004
4/2/2014 0:22:00,40.7519,-73.986
4/2/2014 0:35:00,40.7606,-73.9757
4/2/2014 0:42:00,40.7605,-73.9725
4/2/2014 0:56:00,40.7312,-74.0097
4/2/2014 1:04:00,40.7218,-73.958
4/2/2014 1:15:00,40.7332,-73.9935
4/2/2014 1:35:00,40.7208,-73.9841
4/2/2014 1:49:00,40.7593,-73.9722
4/2/2014 2:15:00,40.7768,-73.9536
4/2/2014 2:19:00,40.7473,-73.9768
4/2/2014 2:33:00,40.7383,-73.9839
4/2/2014 3:18:00,40.7339,-73.9949
4/2/2014 3:33:00,40.7402,-74.0059
4/2/2014 3:43:00,40.7731,-73.9584
4/2/2014 3:49:00,40.6461,-73.7769
4/2/2014 3:56:00,40.7475,-73.9565
4/2/2014 4:18:00,40.7471,-74.0023
4/2/2014 4:22:00,40.7816,-73.956
4/2/2014 4:25:00,40.7788,-73.9481
4/2/2014 4:26:00,40.6948,-74.1779
4/2/2014 4:29:00,40.7583,-73.9665
4/2/2014 4:36:00,40.7258,-73.9877
4/2/2014 4:40:00,40.7655,-73.9932
4/2/2014 4:51:00,40.7863,-73.956
4/2/2014 4:55:00,40.729,-74.0328
4/2/2014 4:58:00,40.7445,-73.9838
4/2/2014 5:06:00,40.7349,-73.9891
4/2/2014 5:10:00,40.7657,-73.9629
4/2/2014 5:12:00,40.645,-73.7818
4/2/2014 5:13:00,40.8092,-73.9539
4/2/2014 5:15:00,40.7337,-74.0016
4/2/2014 5:24:00,40.6725,-73.9578
4/2/2014 5:28:00,40.749,-73.9838
4/2/2014 5:28:00,40.749,-73.9838
4/2/2014 5:29:00,40.7269,-74.0032
4/2/2014 5:29:00,40.7929,-73.9752
4/2/2014 5:31:00,40.7415,-74.0029
4/2/2014 5:32:00,40.7232,-74.409
4/2/2014 5:35:00,40.7651,-73.9614
4/2/2014 5:38:00,40.7617,-73.9998
4/2/2014 5:38:00,40.7341,-74.0096
4/2/2014 5:40:00,40.7508,-74.1797
4/2/2014 5:43:00,40.7222,-73.9834
4/2/2014 5:47:00,40.7957,-73.9743
4/2/2014 5:51:00,40.7751,-73.9773
4/2/2014 5:51:00,40.7054,-74.0077
4/2/2014 5:54:00,40.7375,-74.0357
4/2/2014 5:58:00,40.7803,-73.9597
4/2/2014 6:02:00,40.7695,-73.9601
4/2/2014 6:03:00,40.7492,-73.9766
4/2/2014 6:03:00,40.721,-73.9993
4/2/2014 6:04:00,40.7238,-74.0037
4/2/2014 6:05:00,40.7337,-73.9979
4/2/2014 6:05:00,40.7565,-73.9838
4/2/2014 6:05:00,40.7707,-73.866
4/2/2014 6:05:00,40.7799,-73.9852
4/2/2014 6:06:00,40.8006,-73.9705
4/2/2014 6:06:00,40.7375,-74.0015
4/2/2014 6:08:00,40.771,-73.8659
4/2/2014 6:09:00,40.6914,-73.9843
4/2/2014 6:10:00,40.7141,-74.0413
4/2/2014 6:11:00,40.7236,-74.0109
4/2/2014 6:13:00,40.775,-73.9635
4/2/2014 6:15:00,40.7561,-73.9944
4/2/2014 6:19:00,40.8599,-73.9142
4/2/2014 6:19:00,40.7497,-73.972
4/2/2014 6:20:00,40.7547,-73.9975
4/2/2014 6:23:00,40.7508,-73.9945
4/2/2014 6:23:00,40.7248,-73.9823
4/2/2014 6:24:00,40.7775,-73.9787
4/2/2014 6:24:00,40.7196,-73.9995
4/2/2014 6:25:00,40.762,-73.9677
4/2/2014 6:25:00,40.7248,-73.9843
4/2/2014 6:25:00,40.773,-73.8854
4/2/2014 6:26:00,40.7775,-73.9858
4/2/2014 6:26:00,40.7724,-73.9669
4/2/2014 6:27:00,40.765,-73.9634
4/2/2014 6:27:00,40.7773,-73.9638
4/2/2014 6:27:00,40.7774,-73.9635
4/2/2014 6:27:00,40.7762,-73.9579
4/2/2014 6:30:00,40.7418,-74.0363
4/2/2014 6:30:00,40.7418,-74.0363
4/2/2014 6:34:00,40.7671,-73.9647
4/2/2014 6:34:00,40.7671,-73.9647
4/2/2014 6:34:00,40.7741,-73.9489
4/2/2014 6:34:00,40.7842,-73.9702
4/2/2014 6:35:00,40.7838,-73.9557
4/2/2014 6:38:00,40.7309,-74.0321
4/2/2014 6:38:00,40.7332,-73.9949
4/2/2014 6:40:00,40.7578,-73.9894
4/2/2014 6:41:00,40.7738,-73.9801
4/2/2014 6:42:00,40.7233,-73.9998
4/2/2014 6:42:00,40.7819,-73.9572
4/2/2014 6:43:00,40.7732,-73.9665
4/2/2014 6:43:00,40.7873,-73.9742
4/2/2014 6:45:00,40.726,-74.0007
4/2/2014 6:47:00,40.7737,-73.9487
4/2/2014 6:48:00,40.7725,-73.9627
4/2/2014 6:48:00,40.7511,-73.985
4/2/2014 6:49:00,40.7786,-73.9558
4/2/2014 6:52:00,40.6818,-73.9502
4/2/2014 6:52:00,40.7869,-73.9537
4/2/2014 6:53:00,40.7725,-73.9612
4/2/2014 6:53:00,40.7297,-73.9869
4/2/2014 6:53:00,40.7345,-74.001
4/2/2014 6:55:00,40.7343,-73.9898
4/2/2014 6:56:00,40.7747,-73.9911
4/2/2014 6:57:00,40.7149,-74.0079
4/2/2014 6:57:00,40.7228,-74.0102
4/2/2014 6:58:00,40.7169,-73.9894
4/2/2014 6:59:00,40.8212,-73.862
4/2/2014 6:59:00,40.6232,-74.0331
4/2/2014 6:59:00,40.7494,-74.0246
4/2/2014 7:01:00,40.7337,-74.0044
4/2/2014 7:02:00,40.7382,-74.001
4/2/2014 7:03:00,40.7805,-73.982
4/2/2014 7:04:00,40.7865,-73.9699
4/2/2014 7:05:00,40.7333,-74.0092
4/2/2014 7:05:00,40.709,-74.0166
4/2/2014 7:08:00,40.7607,-73.9981
4/2/2014 7:10:00,40.7732,-73.9449
4/2/2014 7:10:00,40.7759,-73.9089
4/2/2014 7:11:00,40.7797,-73.9878
4/2/2014 7:11:00,40.7924,-73.9678
4/2/2014 7:12:00,40.7591,-73.9939
4/2/2014 7:12:00,40.7591,-73.9939
4/2/2014 7:13:00,40.735,-73.9919
4/2/2014 7:14:00,40.7234,-73.9911
4/2/2014 7:14:00,40.7096,-74.0069
4/2/2014 7:14:00,40.7828,-73.9553
4/2/2014 7:15:00,40.7649,-73.9794
4/2/2014 7:16:00,40.7595,-73.976
4/2/2014 7:17:00,40.7707,-73.9874
4/2/2014 7:17:00,40.7056,-74.0087
4/2/2014 7:17:00,40.7749,-73.9612
4/2/2014 7:18:00,40.8041,-73.9546
4/2/2014 7:19:00,40.7772,-73.9753
4/2/2014 7:19:00,40.7531,-73.9741
4/2/2014 7:20:00,40.777,-73.9522
4/2/2014 7:21:00,40.7584,-73.9671
4/2/2014 7:26:00,40.7366,-73.9888
4/2/2014 7:26:00,40.7372,-73.9864
4/2/2014 7:28:00,40.7459,-74.0076
4/2/2014 7:28:00,40.741,-73.9926
4/2/2014 7:29:00,40.7775,-73.9467
4/2/2014 7:30:00,40.7347,-73.9797
4/2/2014 7:30:00,40.7227,-74.0045
4/2/2014 7:30:00,40.7253,-73.9921
4/2/2014 7:31:00,40.7832,-73.9551
4/2/2014 7:31:00,40.7199,-73.9538
4/2/2014 7:33:00,40.6863,-73.9936
4/2/2014 7:33:00,40.7573,-73.9934
4/2/2014 7:34:00,40.7461,-74.0003
4/2/2014 7:35:00,40.7625,-73.9906
4/2/2014 7:37:00,40.7166,-73.9969
4/2/2014 7:37:00,40.7951,-73.9761
4/2/2014 7:37:00,40.7661,-73.9642
4/2/2014 7:38:00,40.7388,-74.0071
4/2/2014 7:39:00,40.7361,-73.9858
4/2/2014 7:40:00,40.7408,-74.0018
4/2/2014 7:40:00,40.7398,-74.0001
4/2/2014 7:41:00,40.716,-74.0073
4/2/2014 7:41:00,40.7427,-73.9964
4/2/2014 7:41:00,40.7427,-73.9964
4/2/2014 7:41:00,40.7377,-73.9827
4/2/2014 7:42:00,40.7707,-73.9632
4/2/2014 7:42:00,40.7694,-73.9598
4/2/2014 7:43:00,40.7688,-73.9697
4/2/2014 7:43:00,40.7794,-73.9597
4/2/2014 7:43:00,40.7694,-73.9558
4/2/2014 7:44:00,40.7627,-73.9635
4/2/2014 7:44:00,40.7377,-73.9802
4/2/2014 7:44:00,40.7562,-74.0429
4/2/2014 7:44:00,40.7562,-74.0429
4/2/2014 7:46:00,40.7223,-74.0114
4/2/2014 7:49:00,40.7237,-74.0107
4/2/2014 7:50:00,40.7069,-74.0079
4/2/2014 7:51:00,40.731,-73.9796
4/2/2014 7:51:00,40.7229,-74.0033
4/2/2014 7:51:00,40.7817,-73.9721
4/2/2014 7:52:00,40.7364,-73.9797
4/2/2014 7:52:00,40.7272,-73.9796
4/2/2014 7:53:00,40.6678,-73.7958
4/2/2014 7:53:00,40.7256,-73.9898
4/2/2014 7:55:00,40.7749,-73.99
4/2/2014 7:55:00,40.7331,-73.9999
4/2/2014 7:56:00,40.7527,-73.9811
4/2/2014 7:56:00,40.7222,-74.0039
4/2/2014 7:57:00,40.7375,-73.9912
4/2/2014 7:58:00,40.7177,-73.9923
4/2/2014 8:00:00,40.7191,-74.0036
4/2/2014 8:00:00,40.7342,-73.9853
4/3/2014 0:00:00,40.7422,-74.0062
4/3/2014 0:02:00,40.7239,-74.0034
4/3/2014 0:02:00,40.7239,-74.0034
4/3/2014 0:02:00,40.7104,-74.0118
4/3/2014 0:10:00,40.7221,-73.9837
4/3/2014 0:11:00,40.7253,-73.9921
4/3/2014 0:15:00,40.7593,-73.992
4/3/2014 0:15:00,40.7508,-73.9818
4/3/2014 0:17:00,40.7519,-73.9707
4/3/2014 0:18:00,40.7404,-74.0079
4/3/2014 0:24:00,40.7274,-74.0006
4/3/2014 0:35:00,40.7615,-73.971
4/3/2014 0:36:00,40.7417,-73.9974
4/3/2014 0:36:00,40.7301,-74.0004
4/3/2014 0:36:00,40.7301,-74.0004
4/3/2014 0:48:00,40.7435,-73.9848
4/3/2014 0:52:00,40.756,-73.9874
4/3/2014 1:10:00,40.7443,-73.9844
4/3/2014 1:10:00,40.7444,-74.0077
4/3/2014 1:25:00,40.7599,-73.9728
4/3/2014 1:31:00,40.7505,-73.9391
4/3/2014 1:40:00,40.7499,-73.9996
4/3/2014 1:41:00,40.7573,-73.9715
4/3/2014 1:41:00,40.7659,-73.9831
4/3/2014 2:10:00,40.7122,-73.9639
4/3/2014 2:15:00,40.7195,-73.9895
4/3/2014 2:22:00,40.7626,-73.9964
4/3/2014 2:46:00,40.7108,-73.9564
4/3/2014 3:01:00,40.7555,-73.9765
4/3/2014 3:11:00,40.7509,-74.0254
4/3/2014 3:18:00,40.76,-73.9589
4/3/2014 3:37:00,40.742,-74.0037
4/3/2014 3:41:00,40.727,-73.9801
4/3/2014 4:02:00,40.7594,-73.9634
4/3/2014 4:04:00,40.7747,-73.9911
4/3/2014 4:13:00,40.7315,-74.0067
4/3/2014 4:22:00,40.7247,-73.9802
4/3/2014 4:27:00,40.7259,-74.003
4/3/2014 4:47:00,40.7136,-74.0413
4/3/2014 4:57:00,40.7592,-74.0029
4/3/2014 5:01:00,40.7837,-73.9837
4/3/2014 5:10:00,40.6878,-74.1823
4/3/2014 5:23:00,40.7447,-73.9771
4/3/2014 5:25:00,40.7691,-73.9828
4/3/2014 5:27:00,40.7473,-73.9854
4/3/2014 5:27:00,40.7473,-73.9854
4/3/2014 5:34:00,40.7379,-73.9839
4/3/2014 5:39:00,40.7246,-73.994
4/3/2014 5:40:00,40.7838,-73.9503
4/3/2014 5:42:00,40.7249,-74.0358
4/3/2014 5:44:00,40.7851,-73.9697
4/3/2014 5:44:00,40.7616,-73.9922
4/3/2014 5:49:00,40.7207,-74.2908
4/3/2014 5:51:00,40.7205,-74.002
4/3/2014 5:58:00,40.7808,-73.9566
4/3/2014 5:59:00,40.7686,-73.8626
4/3/2014 5:59:00,40.7463,-74.0298
4/3/2014 6:00:00,40.6955,-74.1779
4/3/2014 6:00:00,40.6955,-74.1779
4/3/2014 6:01:00,40.7413,-73.9929
4/3/2014 6:02:00,40.7364,-73.9965
4/3/2014 6:06:00,40.6769,-73.9699
4/3/2014 6:07:00,40.7062,-73.9522
4/3/2014 6:07:00,40.7416,-74.0012
4/3/2014 6:13:00,40.7138,-74.0086
4/3/2014 6:13:00,40.7378,-74.0084
4/3/2014 6:15:00,40.771,-73.9513
4/3/2014 6:17:00,40.7475,-73.9768
4/3/2014 6:18:00,40.8081,-73.9404
4/3/2014 6:18:00,40.7627,-73.9653
4/3/2014 6:21:00,40.7868,-73.9793
4/3/2014 6:21:00,40.7233,-73.9912
4/3/2014 6:21:00,40.7363,-73.9886
4/3/2014 6:21:00,40.7285,-74.0042
4/3/2014 6:21:00,40.7749,-73.9911
4/3/2014 6:22:00,40.692,-73.9846
4/3/2014 6:23:00,40.7789,-73.962
4/3/2014 6:23:00,40.7462,-74.0063
4/3/2014 6:24:00,40.7236,-74.0096
4/3/2014 6:24:00,40.7387,-73.9975
4/3/2014 6:24:00,40.7914,-73.9775
4/3/2014 6:27:00,40.7752,-73.9637
4/3/2014 6:28:00,40.7999,-74.0051
4/3/2014 6:28:00,40.7778,-73.9464
4/3/2014 6:32:00,40.7884,-73.955
4/3/2014 6:33:00,40.7749,-73.9901
4/3/2014 6:33:00,40.7992,-73.9626
4/3/2014 6:33:00,40.7249,-74.0358
4/3/2014 6:33:00,40.7249,-74.0358
4/3/2014 6:34:00,40.7605,-73.9807
4/3/2014 6:34:00,40.7772,-73.9638
4/3/2014 6:36:00,40.7382,-74.0085
4/3/2014 6:36:00,40.7472,-74.0297
4/3/2014 6:36:00,40.7472,-74.0297
4/3/2014 6:37:00,40.7413,-73.9985
4/3/2014 6:39:00,40.7439,-74.0067
4/3/2014 6:39:00,40.7685,-73.9536
4/3/2014 6:39:00,40.787,-73.9564
4/3/2014 6:41:00,40.7879,-73.9758
4/3/2014 6:41:00,40.7557,-73.9822
4/3/2014 6:42:00,40.7696,-73.9603
4/3/2014 6:43:00,40.7667,-73.9671
4/3/2014 6:43:00,40.7837,-73.9503
4/3/2014 6:47:00,40.7593,-73.979
4/3/2014 6:49:00,40.7774,-73.9751
4/3/2014 6:51:00,40.7376,-74.0086
4/3/2014 6:52:00,40.7406,-74.0057
4/3/2014 6:53:00,40.7746,-73.9584
4/3/2014 6:53:00,40.6232,-74.0331
4/3/2014 6:53:00,40.7724,-73.9604
4/3/2014 6:53:00,40.7839,-73.9739
4/3/2014 6:54:00,40.7753,-73.9904
4/3/2014 6:54:00,40.7715,-73.9507
4/3/2014 6:55:00,40.7468,-73.9967
4/3/2014 6:57:00,40.7726,-73.9616
4/3/2014 7:00:00,40.7461,-73.9566
4/3/2014 7:00:00,40.6881,-74.0002
4/3/2014 7:01:00,40.7772,-73.9824
4/3/2014 7:01:00,40.7882,-73.9783
4/3/2014 7:03:00,40.7414,-73.9941
4/3/2014 7:05:00,40.7647,-73.9841
4/3/2014 7:06:00,40.7664,-73.9524
4/3/2014 7:08:00,40.7492,-73.9918
4/3/2014 7:10:00,40.7252,-73.9911
4/3/2014 7:10:00,40.7651,-73.9725
4/3/2014 7:11:00,40.86,-73.9141
4/3/2014 7:11:00,40.7257,-74.0055
4/3/2014 7:12:00,40.7507,-73.9789
4/3/2014 7:13:00,40.725,-73.9923
4/3/2014 7:13:00,40.7877,-73.9732
4/3/2014 7:14:00,40.7905,-73.9692
4/3/2014 7:14:00,40.7309,-74.0011
4/3/2014 7:15:00,40.7911,-73.9752
4/3/2014 7:15:00,40.7415,-74.0049
4/3/2014 7:16:00,40.8015,-73.9374
4/3/2014 7:17:00,40.7785,-73.9563
4/3/2014 7:19:00,40.7814,-73.9483
4/3/2014 7:19:00,40.7946,-73.9716
4/3/2014 7:20:00,40.6818,-73.9961
4/3/2014 7:21:00,40.7277,-73.9837
4/3/2014 7:22:00,40.7299,-73.9872
4/3/2014 7:22:00,40.727,-74.0041
4/3/2014 7:22:00,40.7303,-74.003
4/3/2014 7:23:00,40.7741,-73.8725
4/3/2014 7:24:00,40.77,-73.865
4/3/2014 7:25:00,40.7705,-73.8654
4/3/2014 7:25:00,40.7209,-74.0043
4/3/2014 7:26:00,40.7848,-73.9537
4/3/2014 7:26:00,40.6937,-73.9837
4/3/2014 7:27:00,40.7337,-73.9899
4/3/2014 7:29:00,40.776,-73.9614
4/3/2014 7:29:00,40.7668,-73.9619
4/3/2014 7:30:00,40.745,-74.0025
4/3/2014 7:30:00,40.7558,-73.9728
4/3/2014 7:31:00,40.7767,-73.961
4/3/2014 7:32:00,40.7474,-73.9782
4/3/2014 7:33:00,40.7751,-73.9474
4/3/2014 7:37:00,40.788,-73.9675
4/3/2014 7:37:00,40.7342,-73.9894
4/3/2014 7:39:00,40.727,-74.0039
4/3/2014 7:42:00,40.7302,-73.9864
4/3/2014 7:42:00,40.7723,-73.8941
4/3/2014 7:43:00,40.769,-73.9569
4/3/2014 7:43:00,40.7894,-73.9737
4/3/2014 7:44:00,40.7621,-73.9824
4/3/2014 7:44:00,40.7326,-73.9956
4/3/2014 7:45:00,40.7785,-73.9554
4/3/2014 7:45:00,40.7336,-74.0044
4/3/2014 7:45:00,40.7511,-74.0286
4/3/2014 7:45:00,40.7511,-74.0286
4/3/2014 7:45:00,40.7813,-73.9481
4/3/2014 7:47:00,40.789,-73.978
4/3/2014 7:47:00,40.7089,-74.009
4/3/2014 7:48:00,40.7899,-73.9744
4/3/2014 7:48:00,40.7645,-73.96
4/3/2014 7:50:00,40.778,-73.9457
4/3/2014 7:51:00,40.7609,-73.9946
4/3/2014 7:51:00,40.779,-73.9558
4/3/2014 7:51:00,40.7172,-73.9553
4/3/2014 7:53:00,40.7235,-74.0062
4/3/2014 7:53:00,40.7138,-74.0092
4/3/2014 7:55:00,40.7326,-73.9901
4/3/2014 7:57:00,40.7348,-74.0077
4/3/2014 7:57:00,40.7578,-73.9755
4/3/2014 7:57:00,40.7754,-73.9904
4/3/2014 7:59:00,40.7349,-73.9794
4/3/2014 7:59:00,40.7266,-74.0002
4/3/2014 7:59:00,40.7638,-73.9772
4/3/2014 7:59:00,40.7509,-73.9941
4/3/2014 8:00:00,40.7766,-73.953
4/4/2014 0:03:00,40.7528,-73.9858
4/4/2014 0:05:00,40.7263,-74.0018
4/4/2014 0:12:00,40.7263,-73.9917
4/4/2014 0:12:00,40.7813,-73.9516
4/4/2014 0:14:00,40.717,-73.9987
4/4/2014 0:18:00,40.7716,-73.9827
4/4/2014 0:20:00,40.7228,-73.9983
4/4/2014 0:23:00,40.7164,-74.0097
4/4/2014 0:29:00,40.7145,-74.0105
4/4/2014 0:33:00,40.7424,-74.0039
4/4/2014 0:40:00,40.7413,-73.9932
4/4/2014 0:44:00,40.6737,-74.0097
4/4/2014 0:44:00,40.7204,-73.8453
4/4/2014 0:57:00,40.7217,-74.041
4/4/2014 1:02:00,40.776,-73.9573
4/4/2014 1:07:00,40.7449,-73.9871
4/4/2014 1:08:00,40.7165,-74.0078
4/4/2014 1:14:00,40.7463,-73.9939
4/4/2014 1:18:00,40.7195,-73.9931
4/4/2014 1:31:00,40.745,-73.9886
4/4/2014 1:36:00,40.7636,-73.9751
4/4/2014 1:39:00,40.9199,-73.8641
4/4/2014 1:41:00,40.7419,-74.0037
4/4/2014 1:52:00,40.7195,-73.9859
4/4/2014 1:54:00,40.7323,-74.1341
4/4/2014 1:58:00,40.744,-74.0066
4/4/2014 2:03:00,40.7318,-73.9838
4/4/2014 2:30:00,40.742,-74.0037
4/4/2014 2:33:00,40.749,-73.9705
4/4/2014 3:08:00,40.7226,-73.986
4/4/2014 3:10:00,40.7639,-73.9733
4/4/2014 3:30:00,40.817,-73.9389
4/4/2014 3:32:00,40.7141,-73.9899
4/4/2014 3:35:00,40.7478,-73.9733
4/4/2014 3:56:00,40.8558,-73.9316
4/4/2014 3:59:00,40.7493,-74.0291
4/4/2014 4:02:00,40.7712,-73.9872
4/4/2014 4:18:00,40.754,-73.9867
4/4/2014 4:28:00,40.6878,-74.1816
4/4/2014 4:34:00,40.746,-73.9885
4/4/2014 4:35:00,40.6801,-73.968
4/4/2014 4:45:00,40.6458,-73.7767
4/4/2014 4:49:00,40.7259,-73.9831
4/4/2014 4:49:00,40.7067,-74.0081
4/4/2014 4:52:00,40.7035,-73.9906
4/4/2014 4:53:00,40.7252,-74.3443
4/4/2014 4:54:00,40.7684,-73.9847
4/4/2014 4:57:00,40.7625,-73.9933
4/4/2014 4:59:00,40.7518,-73.9846
4/4/2014 4:59:00,40.7518,-73.9846
4/4/2014 5:01:00,40.711,-74.0055
4/4/2014 5:07:00,40.7539,-73.9858
4/4/2014 5:12:00,40.6949,-74.1781
4/4/2014 5:13:00,40.7439,-73.9972
4/4/2014 5:17:00,40.7593,-73.9717
4/4/2014 5:21:00,40.6774,-74.0145
4/4/2014 5:21:00,40.816,-73.9082
4/4/2014 5:32:00,40.7826,-73.9768
4/4/2014 5:35:00,40.7878,-73.9732
4/4/2014 5:37:00,40.7334,-74.0024
4/4/2014 5:39:00,40.7821,-73.9759
4/4/2014 5:39:00,40.7535,-74.0269
4/4/2014 5:39:00,40.7798,-73.9545
4/4/2014 5:39:00,40.7641,-73.9667
4/4/2014 5:41:00,40.7472,-73.9721
4/4/2014 5:44:00,40.74,-74.031
4/4/2014 5:47:00,40.7563,-73.973
4/4/2014 5:53:00,40.7244,-74.0355
4/4/2014 5:53:00,40.7244,-74.0355
4/4/2014 5:55:00,40.7131,-74.0072
4/4/2014 5:59:00,40.7262,-73.999
4/4/2014 6:01:00,40.782,-73.9576
4/4/2014 6:01:00,40.7388,-74.006
4/4/2014 6:03:00,40.7507,-73.9702
4/4/2014 6:03:00,40.6951,-74.1786
4/4/2014 6:03:00,40.7614,-73.9643
4/4/2014 6:03:00,40.7743,-73.9774
4/4/2014 6:07:00,40.7839,-73.9703
4/4/2014 6:11:00,40.7885,-73.9688
4/4/2014 6:12:00,40.7127,-73.9407
4/4/2014 6:13:00,40.7052,-74.0155
4/4/2014 6:13:00,40.6449,-73.7819
4/4/2014 6:14:00,40.7376,-74.0094
4/4/2014 6:14:00,40.734,-74.0096
4/4/2014 6:14:00,40.7146,-74.0089
4/4/2014 6:15:00,40.7203,-74.002
4/4/2014 6:16:00,40.7466,-74.2587
4/4/2014 6:16:00,40.7663,-73.9775
4/4/2014 6:16:00,40.6917,-73.9663
4/4/2014 6:18:00,40.7987,-73.973
4/4/2014 6:18:00,40.7687,-73.8674
4/4/2014 6:18:00,40.7778,-73.9585
4/4/2014 6:20:00,40.763,-73.9802
4/4/2014 6:20:00,40.7336,-73.9879
4/4/2014 6:23:00,40.8977,-73.947
4/4/2014 6:25:00,40.7581,-73.9623
4/4/2014 6:25:00,40.7772,-73.9521
4/4/2014 6:26:00,40.7757,-73.9525
4/4/2014 6:27:00,40.7584,-73.9926
4/4/2014 6:27:00,40.7079,-74.0016
4/4/2014 6:29:00,40.8077,-73.9514
4/4/2014 6:30:00,40.6951,-73.9836
4/4/2014 6:30:00,40.7696,-74.0174
4/4/2014 6:30:00,40.7808,-73.9565
4/4/2014 6:31:00,40.7449,-74.0061
4/4/2014 6:37:00,40.7375,-73.9987
4/4/2014 6:38:00,40.7698,-73.9587
4/4/2014 6:38:00,40.7881,-73.9761
4/4/2014 6:38:00,40.7618,-73.9695
4/4/2014 6:39:00,40.7256,-74.0056
4/4/2014 6:39:00,40.7732,-73.9622
4/4/2014 6:40:00,40.7399,-73.9894
4/4/2014 6:40:00,40.645,-73.7819
4/4/2014 6:40:00,40.6946,-74.1777
4/4/2014 6:41:00,40.7146,-74.0361
4/4/2014 6:42:00,40.7901,-73.9658
4/4/2014 6:44:00,40.7788,-73.9621
4/4/2014 6:44:00,40.7907,-73.9654
4/4/2014 6:45:00,40.7168,-74.0131
4/4/2014 6:46:00,40.6819,-74.2119
4/4/2014 6:46:00,40.6819,-74.2119
4/4/2014 6:46:00,40.7646,-73.9808
4/4/2014 6:47:00,40.7814,-73.9563
4/4/2014 6:47:00,40.583,-73.9575
4/4/2014 6:48:00,40.7043,-74.0108
4/4/2014 6:50:00,40.7799,-73.9807
4/4/2014 6:51:00,40.6824,-74.0003
4/4/2014 6:52:00,40.7829,-73.9777
4/4/2014 6:52:00,40.7872,-73.9781
4/4/2014 6:52:00,40.7359,-73.9979
4/4/2014 6:52:00,40.7953,-73.9712
4/4/2014 6:52:00,40.7573,-73.9755
4/4/2014 6:53:00,40.7918,-73.9786
4/4/2014 6:55:00,40.7456,-73.9532
4/4/2014 6:56:00,40.7449,-73.9578
4/4/2014 6:57:00,40.7794,-73.9574
4/4/2014 6:58:00,40.7245,-74.0008
4/4/2014 6:59:00,40.7829,-73.9733
4/4/2014 7:01:00,40.7373,-73.9987
4/4/2014 7:04:00,40.7718,-73.963
4/4/2014 7:04:00,40.7724,-73.9501
4/4/2014 7:05:00,40.7163,-73.991
4/4/2014 7:05:00,40.7925,-73.9666
4/4/2014 7:07:00,40.6909,-73.9967
4/4/2014 7:08:00,40.7258,-73.9792
4/4/2014 7:09:00,40.7374,-74.0089
4/4/2014 7:09:00,40.7756,-73.9643
4/4/2014 7:10:00,40.7775,-73.957
4/4/2014 7:11:00,40.7434,-74.0467
4/4/2014 7:11:00,40.7434,-74.0467
4/4/2014 7:11:00,40.7658,-73.9826
4/4/2014 7:11:00,40.7422,-73.9994
4/4/2014 7:11:00,40.7691,-73.9858
4/4/2014 7:12:00,40.7211,-73.9437
4/4/2014 7:12:00,40.7223,-74.0106
4/4/2014 7:14:00,40.7793,-73.9834
4/4/2014 7:15:00,40.7184,-74.0057
4/4/2014 7:15:00,40.7734,-73.9505
4/4/2014 7:15:00,40.7375,-73.9993
4/4/2014 7:18:00,40.7702,-73.8648
4/4/2014 7:18:00,40.5841,-73.9569
4/4/2014 7:18:00,40.7429,-73.9737
4/4/2014 7:19:00,40.7437,-74.007
4/4/2014 7:20:00,40.7408,-73.982
4/4/2014 7:20:00,40.7408,-73.982
4/4/2014 7:20:00,40.7633,-73.981
4/4/2014 7:20:00,40.7651,-73.9673
4/4/2014 7:21:00,40.756,-73.9612
4/4/2014 7:21:00,40.7474,-73.9916
4/4/2014 7:22:00,40.7459,-73.978
4/4/2014 7:23:00,40.7718,-73.9612
4/4/2014 7:25:00,40.7424,-73.9996
4/4/2014 7:26:00,40.7251,-74.0356
4/4/2014 7:27:00,40.7602,-73.9752
4/4/2014 7:28:00,40.7245,-73.9914
4/4/2014 7:29:00,40.7407,-74.0076
4/4/2014 7:29:00,40.7927,-73.975
4/4/2014 7:30:00,40.7339,-73.9813
4/4/2014 7:31:00,40.7372,-73.9741
4/4/2014 7:31:00,40.7334,-73.9798
4/4/2014 7:31:00,40.7679,-73.9704
4/4/2014 7:32:00,40.7502,-73.984
4/4/2014 7:32:00,40.7465,-74.0032
4/4/2014 7:32:00,40.7589,-73.9706
4/4/2014 7:32:00,40.7376,-74
4/4/2014 7:33:00,40.7244,-73.9837
4/4/2014 7:33:00,40.7904,-73.9774
4/4/2014 7:34:00,40.7874,-73.9807
4/4/2014 7:35:00,40.7439,-74.0064
4/4/2014 7:35:00,40.7616,-73.9723
4/4/2014 7:35:00,40.7221,-73.9873
4/4/2014 7:36:00,40.7187,-73.9635
4/4/2014 7:37:00,40.7401,-73.9907
4/4/2014 7:40:00,40.7229,-74.0078
4/4/2014 7:40:00,40.6988,-73.7196
4/4/2014 7:40:00,40.7741,-73.9484
4/4/2014 7:40:00,40.734,-73.9987
4/4/2014 7:40:00,40.7754,-73.9586
4/4/2014 7:40:00,40.7762,-73.9602
4/4/2014 7:41:00,40.7916,-73.9529
4/4/2014 7:41:00,40.7665,-73.9592
4/4/2014 7:42:00,40.7917,-73.9769
4/4/2014 7:42:00,40.7667,-73.9599
4/4/2014 7:43:00,40.7483,-74.0245
4/4/2014 7:44:00,40.766,-73.9832
4/4/2014 7:45:00,40.7598,-73.9959
4/4/2014 7:45:00,40.7376,-74.0091
4/4/2014 7:45:00,40.7652,-73.9693
4/4/2014 7:46:00,40.7617,-73.9665
4/4/2014 7:48:00,40.7413,-74.0002
4/4/2014 7:49:00,40.8303,-73.9715
4/4/2014 7:49:00,40.8303,-73.9715
4/4/2014 7:50:00,40.7916,-73.9741
4/4/2014 7:52:00,40.7322,-73.9804
4/4/2014 7:53:00,40.7469,-73.9723
4/4/2014 7:53:00,40.777,-73.9519
4/4/2014 7:54:00,40.7731,-73.9544
4/4/2014 7:56:00,40.7127,-73.9659
4/4/2014 7:58:00,40.7521,-74.0031
4/4/2014 7:58:00,40.7521,-74.0031
4/4/2014 7:58:00,40.7692,-73.9813
4/4/2014 7:58:00,40.7832,-73.9526
4/4/2014 7:58:00,40.7679,-73.9916
4/4/2014 7:59:00,40.6829,-73.9592
4/4/2014 7:59:00,40.7348,-73.9835
4/4/2014 7:59:00,40.773,-73.886
4/4/2014 8:00:00,40.7804,-73.9873
4/7/2014 0:31:00,40.7205,-73.9939
4/7/2014 0:37:00,40.7407,-74.0077
4/7/2014 0:50:00,40.7591,-73.9892
4/7/2014 0:58:00,40.7419,-74.0034
4/7/2014 1:27:00,40.7419,-74.0034
4/7/2014 2:07:00,40.7458,-73.8273
4/7/2014 2:36:00,40.7415,-74.0086
4/7/2014 2:42:00,40.7278,-73.9851
4/7/2014 3:02:00,40.7635,-73.9926
4/7/2014 3:12:00,40.7789,-73.9561
4/7/2014 3:13:00,40.7239,-73.9926
4/7/2014 3:23:00,40.7484,-74.0018
4/7/2014 3:45:00,40.7156,-74.0793
4/7/2014 3:51:00,40.7674,-73.9609
4/7/2014 3:58:00,40.7392,-73.9876
4/7/2014 4:03:00,40.7454,-73.9715
4/7/2014 4:03:00,40.7761,-73.9497
4/7/2014 4:04:00,40.7269,-73.983
4/7/2014 4:09:00,40.7646,-73.9915
4/7/2014 4:29:00,40.728,-74.0001
4/7/2014 4:32:00,40.695,-74.1784
4/7/2014 4:34:00,40.7523,-73.9675
4/7/2014 4:38:00,40.6847,-73.9789
4/7/2014 4:42:00,40.6441,-73.7827
4/7/2014 4:43:00,40.7853,-73.9713
4/7/2014 4:50:00,40.7603,-73.9947
4/7/2014 4:54:00,40.7772,-73.9552
4/7/2014 4:55:00,40.6948,-74.1779
4/7/2014 4:56:00,40.7878,-73.9785
4/7/2014 4:57:00,40.7826,-73.973
4/7/2014 5:00:00,40.7757,-73.9807
4/7/2014 5:05:00,40.7122,-73.9569
4/7/2014 5:06:00,40.9367,-73.8282
4/7/2014 5:13:00,40.7834,-73.9571
4/7/2014 5:15:00,40.7438,-74.0063
4/7/2014 5:18:00,40.7787,-73.9477
4/7/2014 5:19:00,40.7398,-74.0389
4/7/2014 5:20:00,40.6738,-73.9824
4/7/2014 5:20:00,40.743,-73.9814
4/7/2014 5:20:00,40.743,-73.9814
4/7/2014 5:26:00,40.7604,-73.9974
4/7/2014 5:36:00,40.6915,-73.9685
4/7/2014 5:39:00,40.7349,-74.0078
4/7/2014 5:39:00,40.735,-74.3766
4/7/2014 5:46:00,40.7128,-74.0399
4/7/2014 5:46:00,40.7128,-74.0399
4/7/2014 5:51:00,40.7429,-74.0389
4/7/2014 5:51:00,40.7429,-74.0389
4/7/2014 5:55:00,40.7885,-73.9778
4/7/2014 5:56:00,40.7691,-73.9813
4/7/2014 5:58:00,40.7242,-73.9878
4/7/2014 5:59:00,40.6463,-73.7901
4/7/2014 5:59:00,40.7665,-73.9609
4/7/2014 6:02:00,40.7568,-73.9712
4/7/2014 6:05:00,40.7151,-74.0163
4/7/2014 6:07:00,40.7447,-74.0394
4/7/2014 6:08:00,40.8232,-73.9424
4/7/2014 6:08:00,40.7416,-74.0007
4/7/2014 6:09:00,40.6947,-74.177
4/7/2014 6:09:00,40.7176,-73.9544
4/7/2014 6:13:00,40.781,-73.9725
4/7/2014 6:16:00,40.7586,-73.989
4/7/2014 6:17:00,40.7235,-74.0096
4/7/2014 6:18:00,40.7237,-74.0003
4/7/2014 6:20:00,40.7341,-74.0078
4/7/2014 6:22:00,40.7414,-73.9963
4/7/2014 6:22:00,40.7795,-73.9879
4/7/2014 6:23:00,40.7393,-73.9935
4/7/2014 6:23:00,40.7896,-73.9793
4/7/2014 6:24:00,40.742,-73.9972
4/7/2014 6:24:00,40.7406,-73.989
4/7/2014 6:24:00,40.7406,-73.989
4/7/2014 6:24:00,40.7392,-74.0291
4/7/2014 6:27:00,40.7388,-74.0092
4/7/2014 6:27:00,40.7439,-74.0062
4/7/2014 6:28:00,40.7425,-73.9994
4/7/2014 6:30:00,40.7489,-74.4943
4/7/2014 6:31:00,40.7842,-73.9544
4/7/2014 6:31:00,40.7847,-73.9522
4/7/2014 6:32:00,40.7825,-73.9715
4/7/2014 6:33:00,40.7816,-73.9795
4/7/2014 6:34:00,40.7237,-73.999
4/7/2014 6:34:00,40.7666,-73.971
4/7/2014 6:39:00,40.772,-73.9632
4/7/2014 6:41:00,40.7092,-74.015
4/7/2014 6:43:00,40.7399,-73.9857
4/7/2014 6:43:00,40.7766,-73.9892
4/7/2014 6:46:00,40.7662,-73.9612
4/7/2014 6:46:00,40.7559,-73.9909
4/7/2014 6:47:00,40.7761,-73.947
4/7/2014 6:47:00,40.7846,-73.9808
4/7/2014 6:48:00,40.7669,-73.9593
4/7/2014 6:50:00,40.7707,-73.9476
4/7/2014 6:51:00,40.7867,-73.981
4/7/2014 6:51:00,40.6416,-73.7873
4/7/2014 6:51:00,40.687,-73.9959
4/7/2014 6:52:00,40.7469,-74.0044
4/7/2014 6:53:00,40.7151,-74.0113
4/7/2014 6:56:00,40.6934,-73.9977
4/7/2014 6:58:00,40.7388,-74.0086
4/7/2014 7:00:00,40.7848,-73.9486
4/7/2014 7:00:00,40.7932,-73.9747
4/7/2014 7:00:00,40.7789,-73.9558
4/7/2014 7:01:00,40.788,-73.9757
4/7/2014 7:01:00,40.7213,-73.999
4/7/2014 7:01:00,40.7771,-73.952
4/7/2014 7:01:00,40.7475,-74.0024
4/7/2014 7:04:00,40.6949,-74.1781
4/7/2014 7:06:00,40.7279,-73.9792
4/7/2014 7:07:00,40.73,-73.9836
4/7/2014 7:08:00,40.7177,-73.9636
4/7/2014 7:08:00,40.7469,-73.9198
4/7/2014 7:08:00,40.7307,-74.0089
4/7/2014 7:09:00,40.7747,-73.99
4/7/2014 7:12:00,40.7672,-73.953
4/7/2014 7:12:00,40.7111,-74.0056
4/7/2014 7:12:00,40.742,-73.9926
4/7/2014 7:12:00,40.7072,-74.0165
4/7/2014 7:12:00,40.729,-73.9847
4/7/2014 7:13:00,40.745,-74.0037
4/7/2014 7:13:00,40.7603,-73.9872
4/7/2014 7:13:00,40.7603,-73.9872
4/7/2014 7:13:00,40.7489,-74.0275
4/7/2014 7:15:00,40.7716,-74.2131
4/7/2014 7:15:00,40.7778,-73.9777
4/7/2014 7:18:00,40.7686,-73.8625
4/7/2014 7:18:00,40.7594,-73.9874
4/7/2014 7:19:00,40.7862,-73.9736
4/7/2014 7:20:00,40.7724,-73.9538
4/7/2014 7:20:00,40.6876,-73.974
4/7/2014 7:20:00,40.7387,-74.0061
4/7/2014 7:22:00,40.7438,-73.9894
4/7/2014 7:27:00,40.7257,-73.9977
4/7/2014 7:27:00,40.7905,-73.9736
4/7/2014 7:29:00,40.7134,-74.0113
4/7/2014 7:30:00,40.7444,-73.9854
4/7/2014 7:32:00,40.7222,-73.9802
4/7/2014 7:32:00,40.746,-73.9822
4/7/2014 7:33:00,40.7499,-73.9835
4/7/2014 7:34:00,40.7236,-74.0113
4/7/2014 7:35:00,40.7686,-73.8627
4/7/2014 7:38:00,40.8001,-73.9391
4/7/2014 7:38:00,40.7898,-73.9735
4/7/2014 7:41:00,40.7375,-74.0048
4/7/2014 7:41:00,40.7296,-73.9521
4/7/2014 7:44:00,40.7734,-73.9449
4/7/2014 7:45:00,40.7685,-73.8625
4/7/2014 7:46:00,40.7634,-73.9733
4/7/2014 7:47:00,40.7702,-73.9514
4/7/2014 7:50:00,40.7804,-73.9462
4/7/2014 7:51:00,40.7653,-73.962
4/7/2014 7:51:00,40.7653,-73.962
4/7/2014 7:52:00,40.7715,-73.9488
4/7/2014 7:52:00,40.7691,-73.9849
4/7/2014 7:54:00,40.777,-73.9784
4/7/2014 7:55:00,40.721,-74.005
4/7/2014 7:56:00,40.7208,-74.0041
4/7/2014 7:56:00,40.7637,-73.9857
4/7/2014 7:57:00,40.7408,-73.9917
4/7/2014 7:58:00,40.7702,-73.9573
4/7/2014 7:59:00,40.7195,-73.9977
4/7/2014 7:59:00,40.6901,-73.9802
4/7/2014 8:00:00,40.7205,-73.9968
4/8/2014 0:04:00,40.6459,-73.7768
4/8/2014 0:05:00,40.7464,-73.9779
4/8/2014 0:09:00,40.7188,-74.0111
4/8/2014 0:09:00,40.7342,-73.9503
4/8/2014 0:13:00,40.6896,-73.981
4/8/2014 0:16:00,40.7374,-73.9967
4/8/2014 0:30:00,40.7501,-73.9734
4/8/2014 0:33:00,40.645,-73.782
4/8/2014 0:44:00,40.7233,-73.9395
4/8/2014 0:58:00,40.6951,-74.1781
4/8/2014 0:59:00,40.742,-74.0037
4/8/2014 1:37:00,40.7743,-73.9891
4/8/2014 2:04:00,40.7422,-74.0043
4/8/2014 2:15:00,40.7672,-73.9842
4/8/2014 2:23:00,40.7623,-73.9741
4/8/2014 2:30:00,40.7607,-73.9823
4/8/2014 2:46:00,40.726,-73.9405
4/8/2014 2:48:00,40.7553,-73.9853
4/8/2014 3:01:00,40.7258,-73.9836
4/8/2014 3:03:00,40.7419,-74.0035
4/8/2014 3:06:00,40.7417,-74.0031
4/8/2014 3:23:00,40.7199,-73.9893
4/8/2014 3:30:00,40.7606,-73.9991
4/8/2014 3:45:00,40.8256,-73.9487
4/8/2014 4:10:00,40.7277,-73.9883
4/8/2014 4:10:00,40.7672,-73.9664
4/8/2014 4:12:00,40.7925,-73.966
4/8/2014 4:29:00,40.6408,-73.7323
4/8/2014 4:35:00,40.6951,-74.1784
4/8/2014 4:43:00,40.7508,-73.9734
4/8/2014 4:48:00,40.7346,-73.9884
4/8/2014 4:50:00,40.7795,-73.9572
4/8/2014 4:51:00,40.7419,-74.0035
4/8/2014 4:55:00,40.6594,-74.3423
4/8/2014 5:04:00,40.771,-73.981
4/8/2014 5:06:00,40.6976,-73.9281
4/8/2014 5:13:00,40.7759,-73.9613
4/8/2014 5:14:00,40.7846,-73.9491
4/8/2014 5:21:00,40.6949,-74.1773
4/8/2014 5:21:00,40.7869,-73.9719
4/8/2014 5:23:00,40.7713,-73.9267
4/8/2014 5:27:00,40.7421,-73.9813
4/8/2014 5:31:00,40.7529,-74.0041
4/8/2014 5:34:00,40.7381,-74.0089
4/8/2014 5:40:00,40.7412,-74.0019
4/8/2014 5:42:00,40.784,-73.9822
4/8/2014 5:45:00,40.732,-73.994
4/8/2014 5:47:00,40.7719,-73.9616
4/8/2014 5:48:00,40.7023,-74.0124
4/8/2014 5:49:00,40.7864,-73.956
4/8/2014 5:51:00,40.645,-73.7817
4/8/2014 5:51:00,40.7663,-73.9685
4/8/2014 5:52:00,40.725,-73.9869
4/8/2014 5:52:00,40.7775,-73.9831
4/8/2014 5:52:00,40.7577,-73.9754
4/8/2014 5:56:00,40.6851,-73.9998
4/8/2014 5:59:00,40.7222,-74.0487
4/8/2014 6:05:00,40.7393,-73.9878
4/8/2014 6:06:00,40.7597,-73.9844
4/8/2014 6:06:00,40.7644,-73.9796
4/8/2014 6:07:00,40.7396,-74.042
4/8/2014 6:07:00,40.7396,-74.042
4/8/2014 6:08:00,40.7686,-73.9537
4/8/2014 6:08:00,40.8077,-73.9294
4/8/2014 6:09:00,40.7341,-73.9949
4/8/2014 6:10:00,40.6718,-73.9759
4/8/2014 6:11:00,40.7464,-74.0088
4/8/2014 6:11:00,40.7033,-73.991
4/8/2014 6:12:00,40.7961,-73.9711
4/8/2014 6:12:00,40.7212,-73.998
4/8/2014 6:12:00,40.7212,-73.998
4/8/2014 6:14:00,40.731,-74.0048
4/8/2014 6:17:00,40.7649,-73.9662
4/8/2014 6:20:00,40.778,-73.9496
4/8/2014 6:21:00,40.7401,-73.9971
4/8/2014 6:23:00,40.7651,-73.9841
4/8/2014 6:23:00,40.7691,-73.9689
4/8/2014 6:24:00,40.6662,-73.7846
4/8/2014 6:26:00,40.7687,-73.8626
4/8/2014 6:26:00,40.7619,-73.9582
4/8/2014 6:28:00,40.7727,-73.9456
4/8/2014 6:30:00,40.8115,-74.1038
4/8/2014 6:31:00,40.725,-73.994
4/8/2014 6:34:00,40.744,-73.9761
4/8/2014 6:34:00,40.744,-73.9761
4/8/2014 6:35:00,40.7395,-74.0425
4/8/2014 6:35:00,40.7786,-73.9562
4/8/2014 6:35:00,40.784,-73.9547
4/8/2014 6:36:00,40.6917,-73.9844
4/8/2014 6:36:00,40.7255,-73.9488
4/8/2014 6:37:00,40.7669,-73.9619
4/8/2014 6:38:00,40.7708,-73.9632
4/8/2014 6:39:00,40.7053,-74.0073
4/8/2014 6:42:00,40.7421,-74.0429
4/8/2014 6:43:00,40.7176,-73.9839
4/8/2014 6:43:00,40.7268,-73.977
4/8/2014 6:44:00,40.7788,-73.9841
4/8/2014 6:44:00,40.7401,-74.006
4/8/2014 6:44:00,40.7146,-73.9432
4/8/2014 6:45:00,40.7924,-73.9743
4/8/2014 6:49:00,40.7532,-73.979
4/8/2014 6:49:00,40.7984,-73.9728
4/8/2014 6:50:00,40.7824,-73.9584
4/8/2014 6:50:00,40.761,-73.9996
4/8/2014 6:51:00,40.7707,-73.9567
4/8/2014 6:53:00,40.795,-73.976
4/8/2014 6:54:00,40.6231,-74.0331
4/8/2014 6:54:00,40.726,-74.0007
4/8/2014 6:58:00,40.7565,-73.8769
4/8/2014 6:59:00,40.7749,-73.9587
4/8/2014 7:01:00,40.7214,-74.0013
4/8/2014 7:02:00,40.7971,-73.971
4/8/2014 7:03:00,40.7467,-74.0075
4/8/2014 7:03:00,40.7555,-73.9739
4/8/2014 7:03:00,40.7555,-73.9739
4/8/2014 7:04:00,40.7304,-73.9799
4/8/2014 7:04:00,40.7234,-74.0017
4/8/2014 7:05:00,40.7248,-74.0077
4/8/2014 7:07:00,40.7499,-73.9741
4/8/2014 7:09:00,40.7225,-74.0081
4/8/2014 7:09:00,40.7151,-74.0159
4/8/2014 7:10:00,40.7311,-73.9817
4/8/2014 7:10:00,40.7225,-73.9824
4/8/2014 7:11:00,40.802,-73.9695
4/8/2014 7:12:00,40.7139,-74.0074
4/8/2014 7:14:00,40.7105,-73.9655
4/8/2014 7:14:00,40.7854,-73.9521
4/8/2014 7:15:00,40.7035,-73.8276
4/8/2014 7:16:00,40.7396,-74.0356
4/8/2014 7:16:00,40.7396,-74.0356
4/8/2014 7:16:00,40.7447,-74.0048
4/8/2014 7:17:00,40.8942,-73.8201
4/8/2014 7:18:00,40.7528,-73.9675
4/8/2014 7:18:00,40.7695,-73.9348
4/8/2014 7:18:00,40.6878,-73.9737
4/8/2014 7:19:00,40.7381,-74.0068
4/8/2014 7:19:00,40.7378,-73.9807
4/8/2014 7:19:00,40.6951,-74.1787
4/8/2014 7:20:00,40.8009,-73.9703
4/8/2014 7:21:00,40.7239,-73.9992
4/8/2014 7:21:00,40.7543,-73.9983
4/8/2014 7:22:00,40.7488,-73.993
4/8/2014 7:25:00,40.7218,-73.9976
4/8/2014 7:25:00,40.7717,-73.9776
4/8/2014 7:25:00,40.7319,-73.9963
4/8/2014 7:26:00,40.7508,-73.9807
4/8/2014 7:26:00,40.7508,-73.9807
4/8/2014 7:27:00,40.7837,-73.9742
4/8/2014 7:27:00,40.7826,-73.9589
4/8/2014 7:29:00,40.7803,-73.9599
4/8/2014 7:29:00,40.7669,-73.9619
4/8/2014 7:30:00,40.7834,-73.9507
4/8/2014 7:31:00,40.7769,-73.9776
4/8/2014 7:33:00,40.7889,-73.9775
4/8/2014 7:34:00,40.7236,-73.9973
4/8/2014 7:34:00,40.735,-74.006
4/8/2014 7:36:00,40.7697,-73.9516
4/8/2014 7:36:00,40.7334,-74.0029
4/8/2014 7:36:00,40.7745,-73.9895
4/8/2014 7:37:00,40.7689,-73.9591
4/8/2014 7:38:00,40.787,-73.9679
4/8/2014 7:41:00,40.7797,-73.9616
4/8/2014 7:42:00,40.7456,-74.0072
4/8/2014 7:42:00,40.7575,-73.9688
4/8/2014 7:44:00,40.752,-73.9767
4/8/2014 7:44:00,40.7566,-73.9846
4/8/2014 7:47:00,40.7657,-73.961
4/8/2014 7:47:00,40.7715,-73.955
4/8/2014 7:47:00,40.7711,-73.8662
4/8/2014 7:48:00,40.7526,-73.9829
4/8/2014 7:48:00,40.7207,-74.0019
4/8/2014 7:48:00,40.7343,-73.9957
4/8/2014 7:51:00,40.7546,-73.9974
4/8/2014 7:52:00,40.7658,-73.9827
4/8/2014 7:52:00,40.7658,-73.9827
4/8/2014 7:52:00,40.7451,-73.9947
4/8/2014 7:53:00,40.751,-73.9848
4/8/2014 7:54:00,40.7592,-73.9952
4/8/2014 7:54:00,40.7397,-73.9925
4/8/2014 7:55:00,40.7742,-73.8731
4/8/2014 7:55:00,40.7215,-74.0101
4/8/2014 7:58:00,40.7198,-73.9883
4/8/2014 7:59:00,40.7513,-73.9934
